feature,readable_feature,coefficient,abs_coefficient,direction,coefficient_meaning,insight_group,business_meaning,expected_direction,stage3_evidence
categorical__night_unusual_group_not_night,night_unusual_group=not_night,1.16065167621976,1.16065167621976,increase_risk,Làm tăng log-odds fraud risk,Time behavior anomaly,"Hành vi giao dịch theo thời gian, đặc biệt là giao dịch ban đêm so với lịch sử của user.",night_ratio_30d cao thường giảm risk vì user quen giao dịch ban đêm; night transaction hoặc low_night_ratio interaction có thể tăng risk.,Giai đoạn 3 cho thấy low_night_ratio và night_unusual có lift cao trên train và validation.
categorical__amount_to_max_group_below_half_max,amount_to_max_group=below_half_max,0.8842145361855926,0.8842145361855926,increase_risk,Làm tăng log-odds fraud risk,Amount anomaly,Giao dịch hiện tại lệch so với lịch sử amount của user.,amount_z_30d cao hoặc các interaction với high_max_amount_30d thường làm tăng risk.,Giai đoạn 3 cho thấy high_max_amount_30d và một số amount group có lift cao hơn baseline.
categorical__amount_to_max_group_extreme,amount_to_max_group=extreme,-0.8028351730237708,0.8028351730237708,decrease_risk,Làm giảm log-odds fraud risk,Amount anomaly,Giao dịch hiện tại lệch so với lịch sử amount của user.,amount_z_30d cao hoặc các interaction với high_max_amount_30d thường làm tăng risk.,Giai đoạn 3 cho thấy high_max_amount_30d và một số amount group có lift cao hơn baseline.
numeric__mcc_entropy_30d,mcc_entropy_30d,-0.7104319361584585,0.7104319361584585,decrease_risk,Làm giảm log-odds fraud risk,MCC behavior anomaly,"User có lịch sử ngành hàng/MCC ít đa dạng. Khi hành vi ngành hàng hẹp kết hợp với tín hiệu bất thường khác, fraud risk tăng.",mcc_entropy_30d cao thường giảm risk; low_mcc_entropy flag/interaction thường tăng risk.,Giai đoạn 3 cho thấy low_mcc_entropy và very_low_mcc_entropy là các segment có lift cao và ổn định.
interaction__low_mcc_entropy_x_high_max_amount_30d,low_mcc_entropy_x_high_max_amount_30d,0.678902251851748,0.678902251851748,increase_risk,Làm tăng log-odds fraud risk,MCC behavior anomaly,"User có lịch sử ngành hàng/MCC ít đa dạng. Khi hành vi ngành hàng hẹp kết hợp với tín hiệu bất thường khác, fraud risk tăng.",mcc_entropy_30d cao thường giảm risk; low_mcc_entropy flag/interaction thường tăng risk.,Giai đoạn 3 cho thấy low_mcc_entropy và very_low_mcc_entropy là các segment có lift cao và ổn định.
binary__night_transaction_flag,night_transaction_flag,0.6663100531202444,0.6663100531202444,increase_risk,Làm tăng log-odds fraud risk,Time behavior anomaly,"Hành vi giao dịch theo thời gian, đặc biệt là giao dịch ban đêm so với lịch sử của user.",night_ratio_30d cao thường giảm risk vì user quen giao dịch ban đêm; night transaction hoặc low_night_ratio interaction có thể tăng risk.,Giai đoạn 3 cho thấy low_night_ratio và night_unusual có lift cao trên train và validation.
numeric__amount_z_30d,amount_z_30d,0.6648336233574242,0.6648336233574242,increase_risk,Làm tăng log-odds fraud risk,Amount anomaly,Giao dịch hiện tại lệch so với lịch sử amount của user.,amount_z_30d cao hoặc các interaction với high_max_amount_30d thường làm tăng risk.,Giai đoạn 3 cho thấy high_max_amount_30d và một số amount group có lift cao hơn baseline.
interaction__low_mcc_entropy_x_low_spending_trend,low_mcc_entropy_x_low_spending_trend,0.6614242643410929,0.6614242643410929,increase_risk,Làm tăng log-odds fraud risk,MCC behavior anomaly,"User có lịch sử ngành hàng/MCC ít đa dạng. Khi hành vi ngành hàng hẹp kết hợp với tín hiệu bất thường khác, fraud risk tăng.",mcc_entropy_30d cao thường giảm risk; low_mcc_entropy flag/interaction thường tăng risk.,Giai đoạn 3 cho thấy low_mcc_entropy và very_low_mcc_entropy là các segment có lift cao và ổn định.
interaction__low_night_ratio_x_high_max_amount_30d,low_night_ratio_x_high_max_amount_30d,0.6111605967861102,0.6111605967861102,increase_risk,Làm tăng log-odds fraud risk,Time behavior anomaly,"Hành vi giao dịch theo thời gian, đặc biệt là giao dịch ban đêm so với lịch sử của user.",night_ratio_30d cao thường giảm risk vì user quen giao dịch ban đêm; night transaction hoặc low_night_ratio interaction có thể tăng risk.,Giai đoạn 3 cho thấy low_night_ratio và night_unusual có lift cao trên train và validation.
categorical__night_unusual_group_very_high,night_unusual_group=very_high,-0.5948360149425622,0.5948360149425622,decrease_risk,Làm giảm log-odds fraud risk,Time behavior anomaly,"Hành vi giao dịch theo thời gian, đặc biệt là giao dịch ban đêm so với lịch sử của user.",night_ratio_30d cao thường giảm risk vì user quen giao dịch ban đêm; night transaction hoặc low_night_ratio interaction có thể tăng risk.,Giai đoạn 3 cho thấy low_night_ratio và night_unusual có lift cao trên train và validation.
numeric__night_ratio_30d,night_ratio_30d,-0.5881948441435797,0.5881948441435797,decrease_risk,Làm giảm log-odds fraud risk,Time behavior anomaly,"Hành vi giao dịch theo thời gian, đặc biệt là giao dịch ban đêm so với lịch sử của user.",night_ratio_30d cao thường giảm risk vì user quen giao dịch ban đêm; night transaction hoặc low_night_ratio interaction có thể tăng risk.,Giai đoạn 3 cho thấy low_night_ratio và night_unusual có lift cao trên train và validation.
categorical__amount_to_max_group_much_above_max,amount_to_max_group=much_above_max,-0.5650101672889687,0.5650101672889687,decrease_risk,Làm giảm log-odds fraud risk,Amount anomaly,Giao dịch hiện tại lệch so với lịch sử amount của user.,amount_z_30d cao hoặc các interaction với high_max_amount_30d thường làm tăng risk.,Giai đoạn 3 cho thấy high_max_amount_30d và một số amount group có lift cao hơn baseline.
numeric__spending_trend,spending_trend,-0.5371342953938955,0.5371342953938955,decrease_risk,Làm giảm log-odds fraud risk,Spending trend anomaly,Xu hướng chi tiêu thấp hoặc giảm có thể phản ánh hành vi bất thường khi kết hợp với các tín hiệu khác.,spending_trend cao thường giảm risk; low_spending_trend flag/interaction tăng risk.,Giai đoạn 3 cho thấy spending_trend thấp có lift ổn định.
categorical__time_period_evening,time_period=evening,-0.5351489138992287,0.5351489138992287,decrease_risk,Làm giảm log-odds fraud risk,Time behavior anomaly,"Hành vi giao dịch theo thời gian, đặc biệt là giao dịch ban đêm so với lịch sử của user.",night_ratio_30d cao thường giảm risk vì user quen giao dịch ban đêm; night transaction hoặc low_night_ratio interaction có thể tăng risk.,Giai đoạn 3 cho thấy low_night_ratio và night_unusual có lift cao trên train và validation.
interaction__low_mcc_entropy_x_low_night_ratio_x_card_not_present,low_mcc_entropy_x_low_night_ratio_x_card_not_present,0.4245018848431727,0.4245018848431727,increase_risk,Làm tăng log-odds fraud risk,MCC behavior anomaly,"User có lịch sử ngành hàng/MCC ít đa dạng. Khi hành vi ngành hàng hẹp kết hợp với tín hiệu bất thường khác, fraud risk tăng.",mcc_entropy_30d cao thường giảm risk; low_mcc_entropy flag/interaction thường tăng risk.,Giai đoạn 3 cho thấy low_mcc_entropy và very_low_mcc_entropy là các segment có lift cao và ổn định.
numeric__distinct_countries_30d,distinct_countries_30d,-0.4198564762680807,0.4198564762680807,decrease_risk,Làm giảm log-odds fraud risk,Country / cross-border behavior,Hành vi giao dịch theo quốc gia và mức độ đa dạng quốc gia của user.,distinct_countries_30d cao thường giảm risk; low_country_diversity hoặc cross-border interaction có thể tăng risk.,Giai đoạn 3 cho thấy low_country_diversity là segment có lift cao.
categorical__amount_to_max_group_above_max,amount_to_max_group=above_max,-0.4156275145818268,0.4156275145818268,decrease_risk,Làm giảm log-odds fraud risk,Amount anomaly,Giao dịch hiện tại lệch so với lịch sử amount của user.,amount_z_30d cao hoặc các interaction với high_max_amount_30d thường làm tăng risk.,Giai đoạn 3 cho thấy high_max_amount_30d và một số amount group có lift cao hơn baseline.
interaction__low_mcc_entropy_x_low_night_ratio,low_mcc_entropy_x_low_night_ratio,0.4154508914819279,0.4154508914819279,increase_risk,Làm tăng log-odds fraud risk,MCC behavior anomaly,"User có lịch sử ngành hàng/MCC ít đa dạng. Khi hành vi ngành hàng hẹp kết hợp với tín hiệu bất thường khác, fraud risk tăng.",mcc_entropy_30d cao thường giảm risk; low_mcc_entropy flag/interaction thường tăng risk.,Giai đoạn 3 cho thấy low_mcc_entropy và very_low_mcc_entropy là các segment có lift cao và ổn định.
categorical__night_unusual_group_high,night_unusual_group=high,-0.413851245396261,0.413851245396261,decrease_risk,Làm giảm log-odds fraud risk,Time behavior anomaly,"Hành vi giao dịch theo thời gian, đặc biệt là giao dịch ban đêm so với lịch sử của user.",night_ratio_30d cao thường giảm risk vì user quen giao dịch ban đêm; night transaction hoặc low_night_ratio interaction có thể tăng risk.,Giai đoạn 3 cho thấy low_night_ratio và night_unusual có lift cao trên train và validation.
categorical__night_unusual_group_medium,night_unusual_group=medium,-0.4126920881010534,0.4126920881010534,decrease_risk,Làm giảm log-odds fraud risk,Time behavior anomaly,"Hành vi giao dịch theo thời gian, đặc biệt là giao dịch ban đêm so với lịch sử của user.",night_ratio_30d cao thường giảm risk vì user quen giao dịch ban đêm; night transaction hoặc low_night_ratio interaction có thể tăng risk.,Giai đoạn 3 cho thấy low_night_ratio và night_unusual có lift cao trên train và validation.
categorical__night_ratio_group_medium,night_ratio_group=medium,-0.3845316086126151,0.3845316086126151,decrease_risk,Làm giảm log-odds fraud risk,Time behavior anomaly,"Hành vi giao dịch theo thời gian, đặc biệt là giao dịch ban đêm so với lịch sử của user.",night_ratio_30d cao thường giảm risk vì user quen giao dịch ban đêm; night transaction hoặc low_night_ratio interaction có thể tăng risk.,Giai đoạn 3 cho thấy low_night_ratio và night_unusual có lift cao trên train và validation.
categorical__time_period_late_evening,time_period=late_evening,0.3791482898162033,0.3791482898162033,increase_risk,Làm tăng log-odds fraud risk,Time behavior anomaly,"Hành vi giao dịch theo thời gian, đặc biệt là giao dịch ban đêm so với lịch sử của user.",night_ratio_30d cao thường giảm risk vì user quen giao dịch ban đêm; night transaction hoặc low_night_ratio interaction có thể tăng risk.,Giai đoạn 3 cho thấy low_night_ratio và night_unusual có lift cao trên train và validation.
categorical__amount_to_max_group_near_max,amount_to_max_group=near_max,0.3676565138964853,0.3676565138964853,increase_risk,Làm tăng log-odds fraud risk,Amount anomaly,Giao dịch hiện tại lệch so với lịch sử amount của user.,amount_z_30d cao hoặc các interaction với high_max_amount_30d thường làm tăng risk.,Giai đoạn 3 cho thấy high_max_amount_30d và một số amount group có lift cao hơn baseline.
binary__low_night_ratio_flag,low_night_ratio_flag,-0.3523258973902823,0.3523258973902823,decrease_risk,Làm giảm log-odds fraud risk,Time behavior anomaly,"Hành vi giao dịch theo thời gian, đặc biệt là giao dịch ban đêm so với lịch sử của user.",night_ratio_30d cao thường giảm risk vì user quen giao dịch ban đêm; night transaction hoặc low_night_ratio interaction có thể tăng risk.,Giai đoạn 3 cho thấy low_night_ratio và night_unusual có lift cao trên train và validation.
categorical__ip_score_risk_group_low,ip_score_risk_group=low,-0.3477359357504802,0.3477359357504802,decrease_risk,Làm giảm log-odds fraud risk,Risk history / technical risk,"Các tín hiệu lịch sử rủi ro hoặc tín hiệu kỹ thuật như IP risk, decline rate, chargeback.","Một số tín hiệu kỹ thuật đứng riêng có thể yếu, nhưng vẫn hỗ trợ model khi kết hợp với feature khác.",Giai đoạn 3 cho thấy một số biến kỹ thuật đứng riêng không mạnh bằng behavior interaction.
categorical__time_period_afternoon,time_period=afternoon,-0.3465216026796713,0.3465216026796713,decrease_risk,Làm giảm log-odds fraud risk,Time behavior anomaly,"Hành vi giao dịch theo thời gian, đặc biệt là giao dịch ban đêm so với lịch sử của user.",night_ratio_30d cao thường giảm risk vì user quen giao dịch ban đêm; night transaction hoặc low_night_ratio interaction có thể tăng risk.,Giai đoạn 3 cho thấy low_night_ratio và night_unusual có lift cao trên train và validation.
categorical__currency_KRW,currency=KRW,-0.337188898222384,0.337188898222384,decrease_risk,Làm giảm log-odds fraud risk,Payment / authentication context,"Ngữ cảnh thanh toán, xác thực, kênh giao dịch và phương thức nhập thẻ.","Một số kênh/xác thực làm tăng hoặc giảm risk tùy ngữ cảnh, nhưng thường không mạnh bằng behavioral anomaly.","Giai đoạn 3 cho thấy card_not_present đứng riêng không quá mạnh, nhưng có thể mạnh hơn khi đi cùng behavior anomaly."
numeric__amount_to_mean_30d,amount_to_mean_30d,-0.3290195397189692,0.3290195397189692,decrease_risk,Làm giảm log-odds fraud risk,Amount anomaly,Giao dịch hiện tại lệch so với lịch sử amount của user.,amount_z_30d cao hoặc các interaction với high_max_amount_30d thường làm tăng risk.,Giai đoạn 3 cho thấy high_max_amount_30d và một số amount group có lift cao hơn baseline.
categorical__credit_util_risk_group_very_high,credit_util_risk_group=very_high,-0.3213300541820256,0.3213300541820256,decrease_risk,Làm giảm log-odds fraud risk,Risk history / technical risk,"Các tín hiệu lịch sử rủi ro hoặc tín hiệu kỹ thuật như IP risk, decline rate, chargeback.","Một số tín hiệu kỹ thuật đứng riêng có thể yếu, nhưng vẫn hỗ trợ model khi kết hợp với feature khác.",Giai đoạn 3 cho thấy một số biến kỹ thuật đứng riêng không mạnh bằng behavior interaction.
categorical__time_period_morning,time_period=morning,-0.3162413413825738,0.3162413413825738,decrease_risk,Làm giảm log-odds fraud risk,Time behavior anomaly,"Hành vi giao dịch theo thời gian, đặc biệt là giao dịch ban đêm so với lịch sử của user.",night_ratio_30d cao thường giảm risk vì user quen giao dịch ban đêm; night transaction hoặc low_night_ratio interaction có thể tăng risk.,Giai đoạn 3 cho thấy low_night_ratio và night_unusual có lift cao trên train và validation.
categorical__currency_IDR,currency=IDR,-0.3161546098195578,0.3161546098195578,decrease_risk,Làm giảm log-odds fraud risk,Payment / authentication context,"Ngữ cảnh thanh toán, xác thực, kênh giao dịch và phương thức nhập thẻ.","Một số kênh/xác thực làm tăng hoặc giảm risk tùy ngữ cảnh, nhưng thường không mạnh bằng behavioral anomaly.","Giai đoạn 3 cho thấy card_not_present đứng riêng không quá mạnh, nhưng có thể mạnh hơn khi đi cùng behavior anomaly."
categorical__merchant_country_JP,merchant_country=JP,-0.3116685316503473,0.3116685316503473,decrease_risk,Làm giảm log-odds fraud risk,Country / cross-border behavior,Hành vi giao dịch theo quốc gia và mức độ đa dạng quốc gia của user.,distinct_countries_30d cao thường giảm risk; low_country_diversity hoặc cross-border interaction có thể tăng risk.,Giai đoạn 3 cho thấy low_country_diversity là segment có lift cao.
binary__low_country_diversity_flag,low_country_diversity_flag,0.3012935394866845,0.3012935394866845,increase_risk,Làm tăng log-odds fraud risk,Country / cross-border behavior,Hành vi giao dịch theo quốc gia và mức độ đa dạng quốc gia của user.,distinct_countries_30d cao thường giảm risk; low_country_diversity hoặc cross-border interaction có thể tăng risk.,Giai đoạn 3 cho thấy low_country_diversity là segment có lift cao.
interaction__low_mcc_entropy_x_card_not_present,low_mcc_entropy_x_card_not_present,-0.2996540056887803,0.2996540056887803,decrease_risk,Làm giảm log-odds fraud risk,MCC behavior anomaly,"User có lịch sử ngành hàng/MCC ít đa dạng. Khi hành vi ngành hàng hẹp kết hợp với tín hiệu bất thường khác, fraud risk tăng.",mcc_entropy_30d cao thường giảm risk; low_mcc_entropy flag/interaction thường tăng risk.,Giai đoạn 3 cho thấy low_mcc_entropy và very_low_mcc_entropy là các segment có lift cao và ổn định.
categorical__txn_count_7d_group_0_1,txn_count_7d_group=0_1,-0.2962202234912684,0.2962202234912684,decrease_risk,Làm giảm log-odds fraud risk,Transaction velocity,Tốc độ/tần suất giao dịch gần đây của user.,"Velocity bất thường có thể hỗ trợ phát hiện fraud, nhưng cần kiểm tra cùng các tín hiệu khác.",Giai đoạn 3 khuyến nghị giữ txn_count_ratio_7d_30d như behavioral anomaly feature.
categorical__time_period_night,time_period=night,0.2871617632812011,0.2871617632812011,increase_risk,Làm tăng log-odds fraud risk,Time behavior anomaly,"Hành vi giao dịch theo thời gian, đặc biệt là giao dịch ban đêm so với lịch sử của user.",night_ratio_30d cao thường giảm risk vì user quen giao dịch ban đêm; night transaction hoặc low_night_ratio interaction có thể tăng risk.,Giai đoạn 3 cho thấy low_night_ratio và night_unusual có lift cao trên train và validation.
categorical__night_unusual_group_low,night_unusual_group=low,-0.2708741326495892,0.2708741326495892,decrease_risk,Làm giảm log-odds fraud risk,Time behavior anomaly,"Hành vi giao dịch theo thời gian, đặc biệt là giao dịch ban đêm so với lịch sử của user.",night_ratio_30d cao thường giảm risk vì user quen giao dịch ban đêm; night transaction hoặc low_night_ratio interaction có thể tăng risk.,Giai đoạn 3 cho thấy low_night_ratio và night_unusual có lift cao trên train và validation.
binary__high_max_amount_30d_flag,high_max_amount_30d_flag,0.2667236058740249,0.2667236058740249,increase_risk,Làm tăng log-odds fraud risk,Amount anomaly,Giao dịch hiện tại lệch so với lịch sử amount của user.,amount_z_30d cao hoặc các interaction với high_max_amount_30d thường làm tăng risk.,Giai đoạn 3 cho thấy high_max_amount_30d và một số amount group có lift cao hơn baseline.
categorical__txn_velocity_group_medium,txn_velocity_group=medium,-0.2625131495062143,0.2625131495062143,decrease_risk,Làm giảm log-odds fraud risk,Transaction velocity,Tốc độ/tần suất giao dịch gần đây của user.,"Velocity bất thường có thể hỗ trợ phát hiện fraud, nhưng cần kiểm tra cùng các tín hiệu khác.",Giai đoạn 3 khuyến nghị giữ txn_count_ratio_7d_30d như behavioral anomaly feature.
binary__cross_border_flag,cross_border_flag,-0.2549389337490619,0.2549389337490619,decrease_risk,Làm giảm log-odds fraud risk,Country / cross-border behavior,Hành vi giao dịch theo quốc gia và mức độ đa dạng quốc gia của user.,distinct_countries_30d cao thường giảm risk; low_country_diversity hoặc cross-border interaction có thể tăng risk.,Giai đoạn 3 cho thấy low_country_diversity là segment có lift cao.
binary__very_low_mcc_entropy_flag,very_low_mcc_entropy_flag,0.2542199646045895,0.2542199646045895,increase_risk,Làm tăng log-odds fraud risk,MCC behavior anomaly,"User có lịch sử ngành hàng/MCC ít đa dạng. Khi hành vi ngành hàng hẹp kết hợp với tín hiệu bất thường khác, fraud risk tăng.",mcc_entropy_30d cao thường giảm risk; low_mcc_entropy flag/interaction thường tăng risk.,Giai đoạn 3 cho thấy low_mcc_entropy và very_low_mcc_entropy là các segment có lift cao và ổn định.
numeric__device_diversity_30d,device_diversity_30d,-0.2479914366469575,0.2479914366469575,decrease_risk,Làm giảm log-odds fraud risk,Risk history / technical risk,"Các tín hiệu lịch sử rủi ro hoặc tín hiệu kỹ thuật như IP risk, decline rate, chargeback.","Một số tín hiệu kỹ thuật đứng riêng có thể yếu, nhưng vẫn hỗ trợ model khi kết hợp với feature khác.",Giai đoạn 3 cho thấy một số biến kỹ thuật đứng riêng không mạnh bằng behavior interaction.
categorical__night_ratio_group_very_low,night_ratio_group=very_low,0.2445272912182263,0.2445272912182263,increase_risk,Làm tăng log-odds fraud risk,Time behavior anomaly,"Hành vi giao dịch theo thời gian, đặc biệt là giao dịch ban đêm so với lịch sử của user.",night_ratio_30d cao thường giảm risk vì user quen giao dịch ban đêm; night transaction hoặc low_night_ratio interaction có thể tăng risk.,Giai đoạn 3 cho thấy low_night_ratio và night_unusual có lift cao trên train và validation.
categorical__merchant_country_VN,merchant_country=VN,0.2439751667509826,0.2439751667509826,increase_risk,Làm tăng log-odds fraud risk,Country / cross-border behavior,Hành vi giao dịch theo quốc gia và mức độ đa dạng quốc gia của user.,distinct_countries_30d cao thường giảm risk; low_country_diversity hoặc cross-border interaction có thể tăng risk.,Giai đoạn 3 cho thấy low_country_diversity là segment có lift cao.
numeric__decline_rate_30d,decline_rate_30d,-0.2327954840945247,0.2327954840945247,decrease_risk,Làm giảm log-odds fraud risk,Risk history / technical risk,"Các tín hiệu lịch sử rủi ro hoặc tín hiệu kỹ thuật như IP risk, decline rate, chargeback.","Một số tín hiệu kỹ thuật đứng riêng có thể yếu, nhưng vẫn hỗ trợ model khi kết hợp với feature khác.",Giai đoạn 3 cho thấy một số biến kỹ thuật đứng riêng không mạnh bằng behavior interaction.
categorical__txn_velocity_group_low,txn_velocity_group=low,-0.2219759060900989,0.2219759060900989,decrease_risk,Làm giảm log-odds fraud risk,Transaction velocity,Tốc độ/tần suất giao dịch gần đây của user.,"Velocity bất thường có thể hỗ trợ phát hiện fraud, nhưng cần kiểm tra cùng các tín hiệu khác.",Giai đoạn 3 khuyến nghị giữ txn_count_ratio_7d_30d như behavioral anomaly feature.
categorical__auth_result_CVV_FAIL,auth_result=CVV_FAIL,-0.2125516704871359,0.2125516704871359,decrease_risk,Làm giảm log-odds fraud risk,Payment / authentication context,"Ngữ cảnh thanh toán, xác thực, kênh giao dịch và phương thức nhập thẻ.","Một số kênh/xác thực làm tăng hoặc giảm risk tùy ngữ cảnh, nhưng thường không mạnh bằng behavioral anomaly.","Giai đoạn 3 cho thấy card_not_present đứng riêng không quá mạnh, nhưng có thể mạnh hơn khi đi cùng behavior anomaly."
categorical__day_name_Wednesday,day_name=Wednesday,-0.2108359905280938,0.2108359905280938,decrease_risk,Làm giảm log-odds fraud risk,Other context,Feature ngữ cảnh khác. Cần đọc cùng coefficient và metric validation/test.,Không có kỳ vọng hướng cố định.,Không thuộc nhóm insight chính hoặc chưa có bằng chứng mạnh từ giai đoạn 3.
categorical__decline_rate_risk_group_medium,decline_rate_risk_group=medium,-0.2059031452076362,0.2059031452076362,decrease_risk,Làm giảm log-odds fraud risk,Risk history / technical risk,"Các tín hiệu lịch sử rủi ro hoặc tín hiệu kỹ thuật như IP risk, decline rate, chargeback.","Một số tín hiệu kỹ thuật đứng riêng có thể yếu, nhưng vẫn hỗ trợ model khi kết hợp với feature khác.",Giai đoạn 3 cho thấy một số biến kỹ thuật đứng riêng không mạnh bằng behavior interaction.
categorical__message_type_0110-AuthRsp,message_type=0110-AuthRsp,-0.203091250019694,0.203091250019694,decrease_risk,Làm giảm log-odds fraud risk,Payment / authentication context,"Ngữ cảnh thanh toán, xác thực, kênh giao dịch và phương thức nhập thẻ.","Một số kênh/xác thực làm tăng hoặc giảm risk tùy ngữ cảnh, nhưng thường không mạnh bằng behavioral anomaly.","Giai đoạn 3 cho thấy card_not_present đứng riêng không quá mạnh, nhưng có thể mạnh hơn khi đi cùng behavior anomaly."
categorical__message_type_0210-FinRsp,message_type=0210-FinRsp,-0.1969495829796857,0.1969495829796857,decrease_risk,Làm giảm log-odds fraud risk,Payment / authentication context,"Ngữ cảnh thanh toán, xác thực, kênh giao dịch và phương thức nhập thẻ.","Một số kênh/xác thực làm tăng hoặc giảm risk tùy ngữ cảnh, nhưng thường không mạnh bằng behavioral anomaly.","Giai đoạn 3 cho thấy card_not_present đứng riêng không quá mạnh, nhưng có thể mạnh hơn khi đi cùng behavior anomaly."
categorical__decline_rate_risk_group_high,decline_rate_risk_group=high,-0.1959379198251084,0.1959379198251084,decrease_risk,Làm giảm log-odds fraud risk,Risk history / technical risk,"Các tín hiệu lịch sử rủi ro hoặc tín hiệu kỹ thuật như IP risk, decline rate, chargeback.","Một số tín hiệu kỹ thuật đứng riêng có thể yếu, nhưng vẫn hỗ trợ model khi kết hợp với feature khác.",Giai đoạn 3 cho thấy một số biến kỹ thuật đứng riêng không mạnh bằng behavior interaction.
categorical__ip_score_risk_group_medium,ip_score_risk_group=medium,-0.1957327264300265,0.1957327264300265,decrease_risk,Làm giảm log-odds fraud risk,Risk history / technical risk,"Các tín hiệu lịch sử rủi ro hoặc tín hiệu kỹ thuật như IP risk, decline rate, chargeback.","Một số tín hiệu kỹ thuật đứng riêng có thể yếu, nhưng vẫn hỗ trợ model khi kết hợp với feature khác.",Giai đoạn 3 cho thấy một số biến kỹ thuật đứng riêng không mạnh bằng behavior interaction.
categorical__recurring_flag_MOTO_PHONE,recurring_flag=MOTO_PHONE,-0.1946852809640365,0.1946852809640365,decrease_risk,Làm giảm log-odds fraud risk,Payment / authentication context,"Ngữ cảnh thanh toán, xác thực, kênh giao dịch và phương thức nhập thẻ.","Một số kênh/xác thực làm tăng hoặc giảm risk tùy ngữ cảnh, nhưng thường không mạnh bằng behavioral anomaly.","Giai đoạn 3 cho thấy card_not_present đứng riêng không quá mạnh, nhưng có thể mạnh hơn khi đi cùng behavior anomaly."
categorical__day_name_Thursday,day_name=Thursday,-0.1859593644029412,0.1859593644029412,decrease_risk,Làm giảm log-odds fraud risk,Other context,Feature ngữ cảnh khác. Cần đọc cùng coefficient và metric validation/test.,Không có kỳ vọng hướng cố định.,Không thuộc nhóm insight chính hoặc chưa có bằng chứng mạnh từ giai đoạn 3.
categorical__card_entry_mode_CONTACTLESS,card_entry_mode=CONTACTLESS,-0.1775353334916935,0.1775353334916935,decrease_risk,Làm giảm log-odds fraud risk,Payment / authentication context,"Ngữ cảnh thanh toán, xác thực, kênh giao dịch và phương thức nhập thẻ.","Một số kênh/xác thực làm tăng hoặc giảm risk tùy ngữ cảnh, nhưng thường không mạnh bằng behavioral anomaly.","Giai đoạn 3 cho thấy card_not_present đứng riêng không quá mạnh, nhưng có thể mạnh hơn khi đi cùng behavior anomaly."
categorical__auth_result_CVV_PASS,auth_result=CVV_PASS,-0.1751460570113877,0.1751460570113877,decrease_risk,Làm giảm log-odds fraud risk,Payment / authentication context,"Ngữ cảnh thanh toán, xác thực, kênh giao dịch và phương thức nhập thẻ.","Một số kênh/xác thực làm tăng hoặc giảm risk tùy ngữ cảnh, nhưng thường không mạnh bằng behavioral anomaly.","Giai đoạn 3 cho thấy card_not_present đứng riêng không quá mạnh, nhưng có thể mạnh hơn khi đi cùng behavior anomaly."
categorical__pin_verif_method_SIGNATURE,pin_verif_method=SIGNATURE,-0.1749541456919124,0.1749541456919124,decrease_risk,Làm giảm log-odds fraud risk,Payment / authentication context,"Ngữ cảnh thanh toán, xác thực, kênh giao dịch và phương thức nhập thẻ.","Một số kênh/xác thực làm tăng hoặc giảm risk tùy ngữ cảnh, nhưng thường không mạnh bằng behavioral anomaly.","Giai đoạn 3 cho thấy card_not_present đứng riêng không quá mạnh, nhưng có thể mạnh hơn khi đi cùng behavior anomaly."
categorical__currency_CAD,currency=CAD,0.1720422428183178,0.1720422428183178,increase_risk,Làm tăng log-odds fraud risk,Payment / authentication context,"Ngữ cảnh thanh toán, xác thực, kênh giao dịch và phương thức nhập thẻ.","Một số kênh/xác thực làm tăng hoặc giảm risk tùy ngữ cảnh, nhưng thường không mạnh bằng behavioral anomaly.","Giai đoạn 3 cho thấy card_not_present đứng riêng không quá mạnh, nhưng có thể mạnh hơn khi đi cùng behavior anomaly."
binary__low_mcc_entropy_flag,low_mcc_entropy_flag,0.1669605126084075,0.1669605126084075,increase_risk,Làm tăng log-odds fraud risk,MCC behavior anomaly,"User có lịch sử ngành hàng/MCC ít đa dạng. Khi hành vi ngành hàng hẹp kết hợp với tín hiệu bất thường khác, fraud risk tăng.",mcc_entropy_30d cao thường giảm risk; low_mcc_entropy flag/interaction thường tăng risk.,Giai đoạn 3 cho thấy low_mcc_entropy và very_low_mcc_entropy là các segment có lift cao và ổn định.
categorical__term_location_CALL_CENTER,term_location=CALL_CENTER,-0.1665690727854329,0.1665690727854329,decrease_risk,Làm giảm log-odds fraud risk,Payment / authentication context,"Ngữ cảnh thanh toán, xác thực, kênh giao dịch và phương thức nhập thẻ.","Một số kênh/xác thực làm tăng hoặc giảm risk tùy ngữ cảnh, nhưng thường không mạnh bằng behavioral anomaly.","Giai đoạn 3 cho thấy card_not_present đứng riêng không quá mạnh, nhưng có thể mạnh hơn khi đi cùng behavior anomaly."
categorical__merchant_country_IN,merchant_country=IN,-0.163496644249756,0.163496644249756,decrease_risk,Làm giảm log-odds fraud risk,Country / cross-border behavior,Hành vi giao dịch theo quốc gia và mức độ đa dạng quốc gia của user.,distinct_countries_30d cao thường giảm risk; low_country_diversity hoặc cross-border interaction có thể tăng risk.,Giai đoạn 3 cho thấy low_country_diversity là segment có lift cao.
categorical__pin_verif_method_ONLINE_PIN,pin_verif_method=ONLINE_PIN,-0.1607318643060539,0.1607318643060539,decrease_risk,Làm giảm log-odds fraud risk,Payment / authentication context,"Ngữ cảnh thanh toán, xác thực, kênh giao dịch và phương thức nhập thẻ.","Một số kênh/xác thực làm tăng hoặc giảm risk tùy ngữ cảnh, nhưng thường không mạnh bằng behavioral anomaly.","Giai đoạn 3 cho thấy card_not_present đứng riêng không quá mạnh, nhưng có thể mạnh hơn khi đi cùng behavior anomaly."
categorical__recurring_flag_RECURRING_SUBSCRIPTION,recurring_flag=RECURRING_SUBSCRIPTION,-0.1520131903063026,0.1520131903063026,decrease_risk,Làm giảm log-odds fraud risk,Payment / authentication context,"Ngữ cảnh thanh toán, xác thực, kênh giao dịch và phương thức nhập thẻ.","Một số kênh/xác thực làm tăng hoặc giảm risk tùy ngữ cảnh, nhưng thường không mạnh bằng behavioral anomaly.","Giai đoạn 3 cho thấy card_not_present đứng riêng không quá mạnh, nhưng có thể mạnh hơn khi đi cùng behavior anomaly."
categorical__night_ratio_group_low,night_ratio_group=low,-0.1471742544756549,0.1471742544756549,decrease_risk,Làm giảm log-odds fraud risk,Time behavior anomaly,"Hành vi giao dịch theo thời gian, đặc biệt là giao dịch ban đêm so với lịch sử của user.",night_ratio_30d cao thường giảm risk vì user quen giao dịch ban đêm; night transaction hoặc low_night_ratio interaction có thể tăng risk.,Giai đoạn 3 cho thấy low_night_ratio và night_unusual có lift cao trên train và validation.
categorical__merchant_country_KR,merchant_country=KR,-0.1448995325368881,0.1448995325368881,decrease_risk,Làm giảm log-odds fraud risk,Country / cross-border behavior,Hành vi giao dịch theo quốc gia và mức độ đa dạng quốc gia của user.,distinct_countries_30d cao thường giảm risk; low_country_diversity hoặc cross-border interaction có thể tăng risk.,Giai đoạn 3 cho thấy low_country_diversity là segment có lift cao.
binary__card_not_present_flag,card_not_present_flag,0.1441546124061566,0.1441546124061566,increase_risk,Làm tăng log-odds fraud risk,Payment / authentication context,"Ngữ cảnh thanh toán, xác thực, kênh giao dịch và phương thức nhập thẻ.","Một số kênh/xác thực làm tăng hoặc giảm risk tùy ngữ cảnh, nhưng thường không mạnh bằng behavioral anomaly.","Giai đoạn 3 cho thấy card_not_present đứng riêng không quá mạnh, nhưng có thể mạnh hơn khi đi cùng behavior anomaly."
categorical__night_ratio_group_high,night_ratio_group=high,-0.1438921478762796,0.1438921478762796,decrease_risk,Làm giảm log-odds fraud risk,Time behavior anomaly,"Hành vi giao dịch theo thời gian, đặc biệt là giao dịch ban đêm so với lịch sử của user.",night_ratio_30d cao thường giảm risk vì user quen giao dịch ban đêm; night transaction hoặc low_night_ratio interaction có thể tăng risk.,Giai đoạn 3 cho thấy low_night_ratio và night_unusual có lift cao trên train và validation.
categorical__message_type_0200-FinReq,message_type=0200-FinReq,0.1426190041017955,0.1426190041017955,increase_risk,Làm tăng log-odds fraud risk,Payment / authentication context,"Ngữ cảnh thanh toán, xác thực, kênh giao dịch và phương thức nhập thẻ.","Một số kênh/xác thực làm tăng hoặc giảm risk tùy ngữ cảnh, nhưng thường không mạnh bằng behavioral anomaly.","Giai đoạn 3 cho thấy card_not_present đứng riêng không quá mạnh, nhưng có thể mạnh hơn khi đi cùng behavior anomaly."
categorical__txn_velocity_group_very_low,txn_velocity_group=very_low,-0.1407443231982562,0.1407443231982562,decrease_risk,Làm giảm log-odds fraud risk,Transaction velocity,Tốc độ/tần suất giao dịch gần đây của user.,"Velocity bất thường có thể hỗ trợ phát hiện fraud, nhưng cần kiểm tra cùng các tín hiệu khác.",Giai đoạn 3 khuyến nghị giữ txn_count_ratio_7d_30d như behavioral anomaly feature.
categorical__currency_VND,currency=VND,-0.1406738787744852,0.1406738787744852,decrease_risk,Làm giảm log-odds fraud risk,Payment / authentication context,"Ngữ cảnh thanh toán, xác thực, kênh giao dịch và phương thức nhập thẻ.","Một số kênh/xác thực làm tăng hoặc giảm risk tùy ngữ cảnh, nhưng thường không mạnh bằng behavioral anomaly.","Giai đoạn 3 cho thấy card_not_present đứng riêng không quá mạnh, nhưng có thể mạnh hơn khi đi cùng behavior anomaly."
categorical__term_location_KIOSK,term_location=KIOSK,-0.1391888093531453,0.1391888093531453,decrease_risk,Làm giảm log-odds fraud risk,Payment / authentication context,"Ngữ cảnh thanh toán, xác thực, kênh giao dịch và phương thức nhập thẻ.","Một số kênh/xác thực làm tăng hoặc giảm risk tùy ngữ cảnh, nhưng thường không mạnh bằng behavioral anomaly.","Giai đoạn 3 cho thấy card_not_present đứng riêng không quá mạnh, nhưng có thể mạnh hơn khi đi cùng behavior anomaly."
categorical__credit_util_risk_group_low,credit_util_risk_group=low,-0.1384619437505179,0.1384619437505179,decrease_risk,Làm giảm log-odds fraud risk,Risk history / technical risk,"Các tín hiệu lịch sử rủi ro hoặc tín hiệu kỹ thuật như IP risk, decline rate, chargeback.","Một số tín hiệu kỹ thuật đứng riêng có thể yếu, nhưng vẫn hỗ trợ model khi kết hợp với feature khác.",Giai đoạn 3 cho thấy một số biến kỹ thuật đứng riêng không mạnh bằng behavior interaction.
numeric__ip_score,ip_score,-0.1374376059504335,0.1374376059504335,decrease_risk,Làm giảm log-odds fraud risk,Risk history / technical risk,"Các tín hiệu lịch sử rủi ro hoặc tín hiệu kỹ thuật như IP risk, decline rate, chargeback.","Một số tín hiệu kỹ thuật đứng riêng có thể yếu, nhưng vẫn hỗ trợ model khi kết hợp với feature khác.",Giai đoạn 3 cho thấy một số biến kỹ thuật đứng riêng không mạnh bằng behavior interaction.
categorical__card_entry_mode_MANUAL_KEYED,card_entry_mode=MANUAL_KEYED,-0.1312584579613211,0.1312584579613211,decrease_risk,Làm giảm log-odds fraud risk,Payment / authentication context,"Ngữ cảnh thanh toán, xác thực, kênh giao dịch và phương thức nhập thẻ.","Một số kênh/xác thực làm tăng hoặc giảm risk tùy ngữ cảnh, nhưng thường không mạnh bằng behavioral anomaly.","Giai đoạn 3 cho thấy card_not_present đứng riêng không quá mạnh, nhưng có thể mạnh hơn khi đi cùng behavior anomaly."
categorical__recurring_flag_INSTALLMENT_PLAN,recurring_flag=INSTALLMENT_PLAN,-0.1294433554483705,0.1294433554483705,decrease_risk,Làm giảm log-odds fraud risk,Payment / authentication context,"Ngữ cảnh thanh toán, xác thực, kênh giao dịch và phương thức nhập thẻ.","Một số kênh/xác thực làm tăng hoặc giảm risk tùy ngữ cảnh, nhưng thường không mạnh bằng behavioral anomaly.","Giai đoạn 3 cho thấy card_not_present đứng riêng không quá mạnh, nhưng có thể mạnh hơn khi đi cùng behavior anomaly."
categorical__merchant_country_DE,merchant_country=DE,-0.1271722625133313,0.1271722625133313,decrease_risk,Làm giảm log-odds fraud risk,Country / cross-border behavior,Hành vi giao dịch theo quốc gia và mức độ đa dạng quốc gia của user.,distinct_countries_30d cao thường giảm risk; low_country_diversity hoặc cross-border interaction có thể tăng risk.,Giai đoạn 3 cho thấy low_country_diversity là segment có lift cao.
categorical__currency_THB,currency=THB,-0.1255528412626659,0.1255528412626659,decrease_risk,Làm giảm log-odds fraud risk,Payment / authentication context,"Ngữ cảnh thanh toán, xác thực, kênh giao dịch và phương thức nhập thẻ.","Một số kênh/xác thực làm tăng hoặc giảm risk tùy ngữ cảnh, nhưng thường không mạnh bằng behavioral anomaly.","Giai đoạn 3 cho thấy card_not_present đứng riêng không quá mạnh, nhưng có thể mạnh hơn khi đi cùng behavior anomaly."
categorical__auth_characteristics_MOBILE_TOKEN,auth_characteristics=MOBILE_TOKEN,-0.1243437706995781,0.1243437706995781,decrease_risk,Làm giảm log-odds fraud risk,Payment / authentication context,"Ngữ cảnh thanh toán, xác thực, kênh giao dịch và phương thức nhập thẻ.","Một số kênh/xác thực làm tăng hoặc giảm risk tùy ngữ cảnh, nhưng thường không mạnh bằng behavioral anomaly.","Giai đoạn 3 cho thấy card_not_present đứng riêng không quá mạnh, nhưng có thể mạnh hơn khi đi cùng behavior anomaly."
categorical__txn_count_7d_group_11_20,txn_count_7d_group=11_20,-0.1234669209653406,0.1234669209653406,decrease_risk,Làm giảm log-odds fraud risk,Transaction velocity,Tốc độ/tần suất giao dịch gần đây của user.,"Velocity bất thường có thể hỗ trợ phát hiện fraud, nhưng cần kiểm tra cùng các tín hiệu khác.",Giai đoạn 3 khuyến nghị giữ txn_count_ratio_7d_30d như behavioral anomaly feature.
categorical__card_entry_mode_MAGSTRIPE,card_entry_mode=MAGSTRIPE,-0.1200502518527072,0.1200502518527072,decrease_risk,Làm giảm log-odds fraud risk,Payment / authentication context,"Ngữ cảnh thanh toán, xác thực, kênh giao dịch và phương thức nhập thẻ.","Một số kênh/xác thực làm tăng hoặc giảm risk tùy ngữ cảnh, nhưng thường không mạnh bằng behavioral anomaly.","Giai đoạn 3 cho thấy card_not_present đứng riêng không quá mạnh, nhưng có thể mạnh hơn khi đi cùng behavior anomaly."
categorical__day_name_Friday,day_name=Friday,-0.1188010834504846,0.1188010834504846,decrease_risk,Làm giảm log-odds fraud risk,Other context,Feature ngữ cảnh khác. Cần đọc cùng coefficient và metric validation/test.,Không có kỳ vọng hướng cố định.,Không thuộc nhóm insight chính hoặc chưa có bằng chứng mạnh từ giai đoạn 3.
categorical__txn_count_7d_group_gt_20,txn_count_7d_group=gt_20,-0.1181740090058793,0.1181740090058793,decrease_risk,Làm giảm log-odds fraud risk,Transaction velocity,Tốc độ/tần suất giao dịch gần đây của user.,"Velocity bất thường có thể hỗ trợ phát hiện fraud, nhưng cần kiểm tra cùng các tín hiệu khác.",Giai đoạn 3 khuyến nghị giữ txn_count_ratio_7d_30d như behavioral anomaly feature.
categorical__currency_CNY,currency=CNY,0.1173025768548238,0.1173025768548238,increase_risk,Làm tăng log-odds fraud risk,Payment / authentication context,"Ngữ cảnh thanh toán, xác thực, kênh giao dịch và phương thức nhập thẻ.","Một số kênh/xác thực làm tăng hoặc giảm risk tùy ngữ cảnh, nhưng thường không mạnh bằng behavioral anomaly.","Giai đoạn 3 cho thấy card_not_present đứng riêng không quá mạnh, nhưng có thể mạnh hơn khi đi cùng behavior anomaly."
categorical__auth_characteristics_CARD_PRESENT,auth_characteristics=CARD_PRESENT,-0.1171354952824469,0.1171354952824469,decrease_risk,Làm giảm log-odds fraud risk,Payment / authentication context,"Ngữ cảnh thanh toán, xác thực, kênh giao dịch và phương thức nhập thẻ.","Một số kênh/xác thực làm tăng hoặc giảm risk tùy ngữ cảnh, nhưng thường không mạnh bằng behavioral anomaly.","Giai đoạn 3 cho thấy card_not_present đứng riêng không quá mạnh, nhưng có thể mạnh hơn khi đi cùng behavior anomaly."
categorical__auth_characteristics_FORCE_POST,auth_characteristics=FORCE_POST,-0.1161099861074468,0.1161099861074468,decrease_risk,Làm giảm log-odds fraud risk,Payment / authentication context,"Ngữ cảnh thanh toán, xác thực, kênh giao dịch và phương thức nhập thẻ.","Một số kênh/xác thực làm tăng hoặc giảm risk tùy ngữ cảnh, nhưng thường không mạnh bằng behavioral anomaly.","Giai đoạn 3 cho thấy card_not_present đứng riêng không quá mạnh, nhưng có thể mạnh hơn khi đi cùng behavior anomaly."
categorical__merchant_country_SG,merchant_country=SG,-0.1154469578979478,0.1154469578979478,decrease_risk,Làm giảm log-odds fraud risk,Country / cross-border behavior,Hành vi giao dịch theo quốc gia và mức độ đa dạng quốc gia của user.,distinct_countries_30d cao thường giảm risk; low_country_diversity hoặc cross-border interaction có thể tăng risk.,Giai đoạn 3 cho thấy low_country_diversity là segment có lift cao.
categorical__payment_channel_MOBILE_APP,payment_channel=MOBILE_APP,-0.1136759657408016,0.1136759657408016,decrease_risk,Làm giảm log-odds fraud risk,Payment / authentication context,"Ngữ cảnh thanh toán, xác thực, kênh giao dịch và phương thức nhập thẻ.","Một số kênh/xác thực làm tăng hoặc giảm risk tùy ngữ cảnh, nhưng thường không mạnh bằng behavioral anomaly.","Giai đoạn 3 cho thấy card_not_present đứng riêng không quá mạnh, nhưng có thể mạnh hơn khi đi cùng behavior anomaly."
interaction__cross_border_x_low_country_diversity,cross_border_x_low_country_diversity,-0.1131983156248232,0.1131983156248232,decrease_risk,Làm giảm log-odds fraud risk,Country / cross-border behavior,Hành vi giao dịch theo quốc gia và mức độ đa dạng quốc gia của user.,distinct_countries_30d cao thường giảm risk; low_country_diversity hoặc cross-border interaction có thể tăng risk.,Giai đoạn 3 cho thấy low_country_diversity là segment có lift cao.
categorical__currency_EUR,currency=EUR,-0.1123838839820295,0.1123838839820295,decrease_risk,Làm giảm log-odds fraud risk,Payment / authentication context,"Ngữ cảnh thanh toán, xác thực, kênh giao dịch và phương thức nhập thẻ.","Một số kênh/xác thực làm tăng hoặc giảm risk tùy ngữ cảnh, nhưng thường không mạnh bằng behavioral anomaly.","Giai đoạn 3 cho thấy card_not_present đứng riêng không quá mạnh, nhưng có thể mạnh hơn khi đi cùng behavior anomaly."
categorical__term_location_ONLINE_PORTAL,term_location=ONLINE_PORTAL,-0.1111223011840139,0.1111223011840139,decrease_risk,Làm giảm log-odds fraud risk,Payment / authentication context,"Ngữ cảnh thanh toán, xác thực, kênh giao dịch và phương thức nhập thẻ.","Một số kênh/xác thực làm tăng hoặc giảm risk tùy ngữ cảnh, nhưng thường không mạnh bằng behavioral anomaly.","Giai đoạn 3 cho thấy card_not_present đứng riêng không quá mạnh, nhưng có thể mạnh hơn khi đi cùng behavior anomaly."
binary__low_spending_trend_flag,low_spending_trend_flag,0.1102138462447538,0.1102138462447538,increase_risk,Làm tăng log-odds fraud risk,Spending trend anomaly,Xu hướng chi tiêu thấp hoặc giảm có thể phản ánh hành vi bất thường khi kết hợp với các tín hiệu khác.,spending_trend cao thường giảm risk; low_spending_trend flag/interaction tăng risk.,Giai đoạn 3 cho thấy spending_trend thấp có lift ổn định.
categorical__currency_AUD,currency=AUD,0.1089737395355601,0.1089737395355601,increase_risk,Làm tăng log-odds fraud risk,Payment / authentication context,"Ngữ cảnh thanh toán, xác thực, kênh giao dịch và phương thức nhập thẻ.","Một số kênh/xác thực làm tăng hoặc giảm risk tùy ngữ cảnh, nhưng thường không mạnh bằng behavioral anomaly.","Giai đoạn 3 cho thấy card_not_present đứng riêng không quá mạnh, nhưng có thể mạnh hơn khi đi cùng behavior anomaly."
categorical__auth_result_AVS_FAIL,auth_result=AVS_FAIL,-0.108030036324185,0.108030036324185,decrease_risk,Làm giảm log-odds fraud risk,Payment / authentication context,"Ngữ cảnh thanh toán, xác thực, kênh giao dịch và phương thức nhập thẻ.","Một số kênh/xác thực làm tăng hoặc giảm risk tùy ngữ cảnh, nhưng thường không mạnh bằng behavioral anomaly.","Giai đoạn 3 cho thấy card_not_present đứng riêng không quá mạnh, nhưng có thể mạnh hơn khi đi cùng behavior anomaly."
categorical__term_location_POS_TERMINAL,term_location=POS_TERMINAL,-0.1071316218530928,0.1071316218530928,decrease_risk,Làm giảm log-odds fraud risk,Payment / authentication context,"Ngữ cảnh thanh toán, xác thực, kênh giao dịch và phương thức nhập thẻ.","Một số kênh/xác thực làm tăng hoặc giảm risk tùy ngữ cảnh, nhưng thường không mạnh bằng behavioral anomaly.","Giai đoạn 3 cho thấy card_not_present đứng riêng không quá mạnh, nhưng có thể mạnh hơn khi đi cùng behavior anomaly."
categorical__message_type_0100-AuthReq,message_type=0100-AuthReq,-0.1059601936336452,0.1059601936336452,decrease_risk,Làm giảm log-odds fraud risk,Payment / authentication context,"Ngữ cảnh thanh toán, xác thực, kênh giao dịch và phương thức nhập thẻ.","Một số kênh/xác thực làm tăng hoặc giảm risk tùy ngữ cảnh, nhưng thường không mạnh bằng behavioral anomaly.","Giai đoạn 3 cho thấy card_not_present đứng riêng không quá mạnh, nhưng có thể mạnh hơn khi đi cùng behavior anomaly."
categorical__merchant_country_ID,merchant_country=ID,-0.1041401997225148,0.1041401997225148,decrease_risk,Làm giảm log-odds fraud risk,Country / cross-border behavior,Hành vi giao dịch theo quốc gia và mức độ đa dạng quốc gia của user.,distinct_countries_30d cao thường giảm risk; low_country_diversity hoặc cross-border interaction có thể tăng risk.,Giai đoạn 3 cho thấy low_country_diversity là segment có lift cao.
categorical__decline_rate_risk_group_infrequent_sklearn,decline_rate_risk_group=infrequent_sklearn,-0.1040227065340144,0.1040227065340144,decrease_risk,Làm giảm log-odds fraud risk,Risk history / technical risk,"Các tín hiệu lịch sử rủi ro hoặc tín hiệu kỹ thuật như IP risk, decline rate, chargeback.","Một số tín hiệu kỹ thuật đứng riêng có thể yếu, nhưng vẫn hỗ trợ model khi kết hợp với feature khác.",Giai đoạn 3 cho thấy một số biến kỹ thuật đứng riêng không mạnh bằng behavior interaction.
categorical__payment_channel_API_SERVER,payment_channel=API_SERVER,-0.1035389029588209,0.1035389029588209,decrease_risk,Làm giảm log-odds fraud risk,Payment / authentication context,"Ngữ cảnh thanh toán, xác thực, kênh giao dịch và phương thức nhập thẻ.","Một số kênh/xác thực làm tăng hoặc giảm risk tùy ngữ cảnh, nhưng thường không mạnh bằng behavioral anomaly.","Giai đoạn 3 cho thấy card_not_present đứng riêng không quá mạnh, nhưng có thể mạnh hơn khi đi cùng behavior anomaly."
categorical__message_type_0400-Reversal,message_type=0400-Reversal,-0.1033445499512888,0.1033445499512888,decrease_risk,Làm giảm log-odds fraud risk,Payment / authentication context,"Ngữ cảnh thanh toán, xác thực, kênh giao dịch và phương thức nhập thẻ.","Một số kênh/xác thực làm tăng hoặc giảm risk tùy ngữ cảnh, nhưng thường không mạnh bằng behavioral anomaly.","Giai đoạn 3 cho thấy card_not_present đứng riêng không quá mạnh, nhưng có thể mạnh hơn khi đi cùng behavior anomaly."
numeric__night_unusual_score,night_unusual_score,0.1032182450542474,0.1032182450542474,increase_risk,Làm tăng log-odds fraud risk,Time behavior anomaly,"Hành vi giao dịch theo thời gian, đặc biệt là giao dịch ban đêm so với lịch sử của user.",night_ratio_30d cao thường giảm risk vì user quen giao dịch ban đêm; night transaction hoặc low_night_ratio interaction có thể tăng risk.,Giai đoạn 3 cho thấy low_night_ratio và night_unusual có lift cao trên train và validation.
numeric__txn_count_30d,txn_count_30d,-0.1030036700108121,0.1030036700108121,decrease_risk,Làm giảm log-odds fraud risk,Transaction velocity,Tốc độ/tần suất giao dịch gần đây của user.,"Velocity bất thường có thể hỗ trợ phát hiện fraud, nhưng cần kiểm tra cùng các tín hiệu khác.",Giai đoạn 3 khuyến nghị giữ txn_count_ratio_7d_30d như behavioral anomaly feature.
categorical__pin_verif_method_NONE,pin_verif_method=NONE,-0.1027958997940219,0.1027958997940219,decrease_risk,Làm giảm log-odds fraud risk,Payment / authentication context,"Ngữ cảnh thanh toán, xác thực, kênh giao dịch và phương thức nhập thẻ.","Một số kênh/xác thực làm tăng hoặc giảm risk tùy ngữ cảnh, nhưng thường không mạnh bằng behavioral anomaly.","Giai đoạn 3 cho thấy card_not_present đứng riêng không quá mạnh, nhưng có thể mạnh hơn khi đi cùng behavior anomaly."
categorical__night_ratio_group_infrequent_sklearn,night_ratio_group=infrequent_sklearn,-0.100531085083621,0.100531085083621,decrease_risk,Làm giảm log-odds fraud risk,Time behavior anomaly,"Hành vi giao dịch theo thời gian, đặc biệt là giao dịch ban đêm so với lịch sử của user.",night_ratio_30d cao thường giảm risk vì user quen giao dịch ban đêm; night transaction hoặc low_night_ratio interaction có thể tăng risk.,Giai đoạn 3 cho thấy low_night_ratio và night_unusual có lift cao trên train và validation.
categorical__txn_velocity_group_high,txn_velocity_group=high,0.093631574002454,0.093631574002454,increase_risk,Làm tăng log-odds fraud risk,Transaction velocity,Tốc độ/tần suất giao dịch gần đây của user.,"Velocity bất thường có thể hỗ trợ phát hiện fraud, nhưng cần kiểm tra cùng các tín hiệu khác.",Giai đoạn 3 khuyến nghị giữ txn_count_ratio_7d_30d như behavioral anomaly feature.
categorical__auth_result_BIOMETRIC_FAIL,auth_result=BIOMETRIC_FAIL,-0.093273987942976,0.093273987942976,decrease_risk,Làm giảm log-odds fraud risk,Payment / authentication context,"Ngữ cảnh thanh toán, xác thực, kênh giao dịch và phương thức nhập thẻ.","Một số kênh/xác thực làm tăng hoặc giảm risk tùy ngữ cảnh, nhưng thường không mạnh bằng behavioral anomaly.","Giai đoạn 3 cho thấy card_not_present đứng riêng không quá mạnh, nhưng có thể mạnh hơn khi đi cùng behavior anomaly."
numeric__txn_count_7d,txn_count_7d,0.0931672475247043,0.0931672475247043,increase_risk,Làm tăng log-odds fraud risk,Transaction velocity,Tốc độ/tần suất giao dịch gần đây của user.,"Velocity bất thường có thể hỗ trợ phát hiện fraud, nhưng cần kiểm tra cùng các tín hiệu khác.",Giai đoạn 3 khuyến nghị giữ txn_count_ratio_7d_30d như behavioral anomaly feature.
categorical__pin_verif_method_OFFLINE_PIN,pin_verif_method=OFFLINE_PIN,-0.0931198950590459,0.0931198950590459,decrease_risk,Làm giảm log-odds fraud risk,Payment / authentication context,"Ngữ cảnh thanh toán, xác thực, kênh giao dịch và phương thức nhập thẻ.","Một số kênh/xác thực làm tăng hoặc giảm risk tùy ngữ cảnh, nhưng thường không mạnh bằng behavioral anomaly.","Giai đoạn 3 cho thấy card_not_present đứng riêng không quá mạnh, nhưng có thể mạnh hơn khi đi cùng behavior anomaly."
categorical__term_location_MOBILE_APP,term_location=MOBILE_APP,-0.0930899449197683,0.0930899449197683,decrease_risk,Làm giảm log-odds fraud risk,Payment / authentication context,"Ngữ cảnh thanh toán, xác thực, kênh giao dịch và phương thức nhập thẻ.","Một số kênh/xác thực làm tăng hoặc giảm risk tùy ngữ cảnh, nhưng thường không mạnh bằng behavioral anomaly.","Giai đoạn 3 cho thấy card_not_present đứng riêng không quá mạnh, nhưng có thể mạnh hơn khi đi cùng behavior anomaly."
numeric__credit_util_today,credit_util_today,-0.0930444494198338,0.0930444494198338,decrease_risk,Làm giảm log-odds fraud risk,Risk history / technical risk,"Các tín hiệu lịch sử rủi ro hoặc tín hiệu kỹ thuật như IP risk, decline rate, chargeback.","Một số tín hiệu kỹ thuật đứng riêng có thể yếu, nhưng vẫn hỗ trợ model khi kết hợp với feature khác.",Giai đoạn 3 cho thấy một số biến kỹ thuật đứng riêng không mạnh bằng behavior interaction.
categorical__merchant_country_PH,merchant_country=PH,0.0924824228934144,0.0924824228934144,increase_risk,Làm tăng log-odds fraud risk,Country / cross-border behavior,Hành vi giao dịch theo quốc gia và mức độ đa dạng quốc gia của user.,distinct_countries_30d cao thường giảm risk; low_country_diversity hoặc cross-border interaction có thể tăng risk.,Giai đoạn 3 cho thấy low_country_diversity là segment có lift cao.
categorical__merchant_country_GB,merchant_country=GB,-0.0896480333694814,0.0896480333694814,decrease_risk,Làm giảm log-odds fraud risk,Country / cross-border behavior,Hành vi giao dịch theo quốc gia và mức độ đa dạng quốc gia của user.,distinct_countries_30d cao thường giảm risk; low_country_diversity hoặc cross-border interaction có thể tăng risk.,Giai đoạn 3 cho thấy low_country_diversity là segment có lift cao.
categorical__payment_channel_POS_TERMINAL,payment_channel=POS_TERMINAL,-0.0895944122199998,0.0895944122199998,decrease_risk,Làm giảm log-odds fraud risk,Payment / authentication context,"Ngữ cảnh thanh toán, xác thực, kênh giao dịch và phương thức nhập thẻ.","Một số kênh/xác thực làm tăng hoặc giảm risk tùy ngữ cảnh, nhưng thường không mạnh bằng behavioral anomaly.","Giai đoạn 3 cho thấy card_not_present đứng riêng không quá mạnh, nhưng có thể mạnh hơn khi đi cùng behavior anomaly."
categorical__currency_GBP,currency=GBP,-0.0891675633071604,0.0891675633071604,decrease_risk,Làm giảm log-odds fraud risk,Payment / authentication context,"Ngữ cảnh thanh toán, xác thực, kênh giao dịch và phương thức nhập thẻ.","Một số kênh/xác thực làm tăng hoặc giảm risk tùy ngữ cảnh, nhưng thường không mạnh bằng behavioral anomaly.","Giai đoạn 3 cho thấy card_not_present đứng riêng không quá mạnh, nhưng có thể mạnh hơn khi đi cùng behavior anomaly."
categorical__card_entry_mode_TOKEN_IN_APP,card_entry_mode=TOKEN_IN_APP,-0.0880125453565677,0.0880125453565677,decrease_risk,Làm giảm log-odds fraud risk,Payment / authentication context,"Ngữ cảnh thanh toán, xác thực, kênh giao dịch và phương thức nhập thẻ.","Một số kênh/xác thực làm tăng hoặc giảm risk tùy ngữ cảnh, nhưng thường không mạnh bằng behavioral anomaly.","Giai đoạn 3 cho thấy card_not_present đứng riêng không quá mạnh, nhưng có thể mạnh hơn khi đi cùng behavior anomaly."
categorical__currency_CHF,currency=CHF,0.0873616565889652,0.0873616565889652,increase_risk,Làm tăng log-odds fraud risk,Payment / authentication context,"Ngữ cảnh thanh toán, xác thực, kênh giao dịch và phương thức nhập thẻ.","Một số kênh/xác thực làm tăng hoặc giảm risk tùy ngữ cảnh, nhưng thường không mạnh bằng behavioral anomaly.","Giai đoạn 3 cho thấy card_not_present đứng riêng không quá mạnh, nhưng có thể mạnh hơn khi đi cùng behavior anomaly."
categorical__merchant_country_CN,merchant_country=CN,0.0862483467583138,0.0862483467583138,increase_risk,Làm tăng log-odds fraud risk,Country / cross-border behavior,Hành vi giao dịch theo quốc gia và mức độ đa dạng quốc gia của user.,distinct_countries_30d cao thường giảm risk; low_country_diversity hoặc cross-border interaction có thể tăng risk.,Giai đoạn 3 cho thấy low_country_diversity là segment có lift cao.
categorical__merchant_country_AU,merchant_country=AU,-0.0848652245011933,0.0848652245011933,decrease_risk,Làm giảm log-odds fraud risk,Country / cross-border behavior,Hành vi giao dịch theo quốc gia và mức độ đa dạng quốc gia của user.,distinct_countries_30d cao thường giảm risk; low_country_diversity hoặc cross-border interaction có thể tăng risk.,Giai đoạn 3 cho thấy low_country_diversity là segment có lift cao.
categorical__auth_characteristics_FALLBACK_MAG,auth_characteristics=FALLBACK_MAG,-0.0833113961811204,0.0833113961811204,decrease_risk,Làm giảm log-odds fraud risk,Payment / authentication context,"Ngữ cảnh thanh toán, xác thực, kênh giao dịch và phương thức nhập thẻ.","Một số kênh/xác thực làm tăng hoặc giảm risk tùy ngữ cảnh, nhưng thường không mạnh bằng behavioral anomaly.","Giai đoạn 3 cho thấy card_not_present đứng riêng không quá mạnh, nhưng có thể mạnh hơn khi đi cùng behavior anomaly."
categorical__ip_score_risk_group_very_high,ip_score_risk_group=very_high,0.0816170791046089,0.0816170791046089,increase_risk,Làm tăng log-odds fraud risk,Risk history / technical risk,"Các tín hiệu lịch sử rủi ro hoặc tín hiệu kỹ thuật như IP risk, decline rate, chargeback.","Một số tín hiệu kỹ thuật đứng riêng có thể yếu, nhưng vẫn hỗ trợ model khi kết hợp với feature khác.",Giai đoạn 3 cho thấy một số biến kỹ thuật đứng riêng không mạnh bằng behavior interaction.
categorical__payment_channel_IVR_PHONE,payment_channel=IVR_PHONE,-0.0811947068000203,0.0811947068000203,decrease_risk,Làm giảm log-odds fraud risk,Payment / authentication context,"Ngữ cảnh thanh toán, xác thực, kênh giao dịch và phương thức nhập thẻ.","Một số kênh/xác thực làm tăng hoặc giảm risk tùy ngữ cảnh, nhưng thường không mạnh bằng behavioral anomaly.","Giai đoạn 3 cho thấy card_not_present đứng riêng không quá mạnh, nhưng có thể mạnh hơn khi đi cùng behavior anomaly."
categorical__auth_result_3DS_PASS,auth_result=3DS_PASS,-0.0786919518568651,0.0786919518568651,decrease_risk,Làm giảm log-odds fraud risk,Payment / authentication context,"Ngữ cảnh thanh toán, xác thực, kênh giao dịch và phương thức nhập thẻ.","Một số kênh/xác thực làm tăng hoặc giảm risk tùy ngữ cảnh, nhưng thường không mạnh bằng behavioral anomaly.","Giai đoạn 3 cho thấy card_not_present đứng riêng không quá mạnh, nhưng có thể mạnh hơn khi đi cùng behavior anomaly."
categorical__auth_result_AVS_PASS,auth_result=AVS_PASS,0.0777486399043795,0.0777486399043795,increase_risk,Làm tăng log-odds fraud risk,Payment / authentication context,"Ngữ cảnh thanh toán, xác thực, kênh giao dịch và phương thức nhập thẻ.","Một số kênh/xác thực làm tăng hoặc giảm risk tùy ngữ cảnh, nhưng thường không mạnh bằng behavioral anomaly.","Giai đoạn 3 cho thấy card_not_present đứng riêng không quá mạnh, nhưng có thể mạnh hơn khi đi cùng behavior anomaly."
categorical__term_location_WEARABLE_PAY,term_location=WEARABLE_PAY,0.0751523768428915,0.0751523768428915,increase_risk,Làm tăng log-odds fraud risk,Payment / authentication context,"Ngữ cảnh thanh toán, xác thực, kênh giao dịch và phương thức nhập thẻ.","Một số kênh/xác thực làm tăng hoặc giảm risk tùy ngữ cảnh, nhưng thường không mạnh bằng behavioral anomaly.","Giai đoạn 3 cho thấy card_not_present đứng riêng không quá mạnh, nhưng có thể mạnh hơn khi đi cùng behavior anomaly."
categorical__merchant_country_US,merchant_country=US,0.0734543160618776,0.0734543160618776,increase_risk,Làm tăng log-odds fraud risk,Country / cross-border behavior,Hành vi giao dịch theo quốc gia và mức độ đa dạng quốc gia của user.,distinct_countries_30d cao thường giảm risk; low_country_diversity hoặc cross-border interaction có thể tăng risk.,Giai đoạn 3 cho thấy low_country_diversity là segment có lift cao.
categorical__payment_channel_WEB_BROWSER,payment_channel=WEB_BROWSER,-0.0698928632962807,0.0698928632962807,decrease_risk,Làm giảm log-odds fraud risk,Payment / authentication context,"Ngữ cảnh thanh toán, xác thực, kênh giao dịch và phương thức nhập thẻ.","Một số kênh/xác thực làm tăng hoặc giảm risk tùy ngữ cảnh, nhưng thường không mạnh bằng behavioral anomaly.","Giai đoạn 3 cho thấy card_not_present đứng riêng không quá mạnh, nhưng có thể mạnh hơn khi đi cùng behavior anomaly."
categorical__ip_score_risk_group_high,ip_score_risk_group=high,-0.0697502217538583,0.0697502217538583,decrease_risk,Làm giảm log-odds fraud risk,Risk history / technical risk,"Các tín hiệu lịch sử rủi ro hoặc tín hiệu kỹ thuật như IP risk, decline rate, chargeback.","Một số tín hiệu kỹ thuật đứng riêng có thể yếu, nhưng vẫn hỗ trợ model khi kết hợp với feature khác.",Giai đoạn 3 cho thấy một số biến kỹ thuật đứng riêng không mạnh bằng behavior interaction.
categorical__auth_characteristics_CRYPTOGRAM_PRESENT,auth_characteristics=CRYPTOGRAM_PRESENT,-0.0696562093837614,0.0696562093837614,decrease_risk,Làm giảm log-odds fraud risk,Payment / authentication context,"Ngữ cảnh thanh toán, xác thực, kênh giao dịch và phương thức nhập thẻ.","Một số kênh/xác thực làm tăng hoặc giảm risk tùy ngữ cảnh, nhưng thường không mạnh bằng behavioral anomaly.","Giai đoạn 3 cho thấy card_not_present đứng riêng không quá mạnh, nhưng có thể mạnh hơn khi đi cùng behavior anomaly."
categorical__merchant_country_FR,merchant_country=FR,0.0630022370440299,0.0630022370440299,increase_risk,Làm tăng log-odds fraud risk,Country / cross-border behavior,Hành vi giao dịch theo quốc gia và mức độ đa dạng quốc gia của user.,distinct_countries_30d cao thường giảm risk; low_country_diversity hoặc cross-border interaction có thể tăng risk.,Giai đoạn 3 cho thấy low_country_diversity là segment có lift cao.
categorical__day_name_Sunday,day_name=Sunday,0.0597296056625499,0.0597296056625499,increase_risk,Làm tăng log-odds fraud risk,Other context,Feature ngữ cảnh khác. Cần đọc cùng coefficient và metric validation/test.,Không có kỳ vọng hướng cố định.,Không thuộc nhóm insight chính hoặc chưa có bằng chứng mạnh từ giai đoạn 3.
categorical__merchant_country_MY,merchant_country=MY,0.0587727423243837,0.0587727423243837,increase_risk,Làm tăng log-odds fraud risk,Country / cross-border behavior,Hành vi giao dịch theo quốc gia và mức độ đa dạng quốc gia của user.,distinct_countries_30d cao thường giảm risk; low_country_diversity hoặc cross-border interaction có thể tăng risk.,Giai đoạn 3 cho thấy low_country_diversity là segment có lift cao.
categorical__txn_count_7d_group_2_5,txn_count_7d_group=2_5,0.0582970184515054,0.0582970184515054,increase_risk,Làm tăng log-odds fraud risk,Transaction velocity,Tốc độ/tần suất giao dịch gần đây của user.,"Velocity bất thường có thể hỗ trợ phát hiện fraud, nhưng cần kiểm tra cùng các tín hiệu khác.",Giai đoạn 3 khuyến nghị giữ txn_count_ratio_7d_30d như behavioral anomaly feature.
categorical__merchant_country_BR,merchant_country=BR,-0.0548006224770316,0.0548006224770316,decrease_risk,Làm giảm log-odds fraud risk,Country / cross-border behavior,Hành vi giao dịch theo quốc gia và mức độ đa dạng quốc gia của user.,distinct_countries_30d cao thường giảm risk; low_country_diversity hoặc cross-border interaction có thể tăng risk.,Giai đoạn 3 cho thấy low_country_diversity là segment có lift cao.
categorical__message_type_0500-Advice,message_type=0500-Advice,-0.0520549828745352,0.0520549828745352,decrease_risk,Làm giảm log-odds fraud risk,Payment / authentication context,"Ngữ cảnh thanh toán, xác thực, kênh giao dịch và phương thức nhập thẻ.","Một số kênh/xác thực làm tăng hoặc giảm risk tùy ngữ cảnh, nhưng thường không mạnh bằng behavioral anomaly.","Giai đoạn 3 cho thấy card_not_present đứng riêng không quá mạnh, nhưng có thể mạnh hơn khi đi cùng behavior anomaly."
categorical__txn_count_7d_group_6_10,txn_count_7d_group=6_10,-0.0520376698615512,0.0520376698615512,decrease_risk,Làm giảm log-odds fraud risk,Transaction velocity,Tốc độ/tần suất giao dịch gần đây của user.,"Velocity bất thường có thể hỗ trợ phát hiện fraud, nhưng cần kiểm tra cùng các tín hiệu khác.",Giai đoạn 3 khuyến nghị giữ txn_count_ratio_7d_30d như behavioral anomaly feature.
interaction__low_night_ratio_x_night_transaction,low_night_ratio_x_night_transaction,-0.0510712801402442,0.0510712801402442,decrease_risk,Làm giảm log-odds fraud risk,Time behavior anomaly,"Hành vi giao dịch theo thời gian, đặc biệt là giao dịch ban đêm so với lịch sử của user.",night_ratio_30d cao thường giảm risk vì user quen giao dịch ban đêm; night transaction hoặc low_night_ratio interaction có thể tăng risk.,Giai đoạn 3 cho thấy low_night_ratio và night_unusual có lift cao trên train và validation.
categorical__payment_channel_ATM,payment_channel=ATM,-0.0490544800487018,0.0490544800487018,decrease_risk,Làm giảm log-odds fraud risk,Payment / authentication context,"Ngữ cảnh thanh toán, xác thực, kênh giao dịch và phương thức nhập thẻ.","Một số kênh/xác thực làm tăng hoặc giảm risk tùy ngữ cảnh, nhưng thường không mạnh bằng behavioral anomaly.","Giai đoạn 3 cho thấy card_not_present đứng riêng không quá mạnh, nhưng có thể mạnh hơn khi đi cùng behavior anomaly."
categorical__currency_USD,currency=USD,0.0489866605627047,0.0489866605627047,increase_risk,Làm tăng log-odds fraud risk,Payment / authentication context,"Ngữ cảnh thanh toán, xác thực, kênh giao dịch và phương thức nhập thẻ.","Một số kênh/xác thực làm tăng hoặc giảm risk tùy ngữ cảnh, nhưng thường không mạnh bằng behavioral anomaly.","Giai đoạn 3 cho thấy card_not_present đứng riêng không quá mạnh, nhưng có thể mạnh hơn khi đi cùng behavior anomaly."
numeric__log_amount_to_max_30d,log_amount_to_max_30d,0.0485958489155078,0.0485958489155078,increase_risk,Làm tăng log-odds fraud risk,Amount anomaly,Giao dịch hiện tại lệch so với lịch sử amount của user.,amount_z_30d cao hoặc các interaction với high_max_amount_30d thường làm tăng risk.,Giai đoạn 3 cho thấy high_max_amount_30d và một số amount group có lift cao hơn baseline.
categorical__day_name_Saturday,day_name=Saturday,-0.0447953734894712,0.0447953734894712,decrease_risk,Làm giảm log-odds fraud risk,Other context,Feature ngữ cảnh khác. Cần đọc cùng coefficient và metric validation/test.,Không có kỳ vọng hướng cố định.,Không thuộc nhóm insight chính hoặc chưa có bằng chứng mạnh từ giai đoạn 3.
categorical__merchant_country_ZA,merchant_country=ZA,0.0407800646391745,0.0407800646391745,increase_risk,Làm tăng log-odds fraud risk,Country / cross-border behavior,Hành vi giao dịch theo quốc gia và mức độ đa dạng quốc gia của user.,distinct_countries_30d cao thường giảm risk; low_country_diversity hoặc cross-border interaction có thể tăng risk.,Giai đoạn 3 cho thấy low_country_diversity là segment có lift cao.
categorical__day_name_Monday,day_name=Monday,-0.0404504832355418,0.0404504832355418,decrease_risk,Làm giảm log-odds fraud risk,Other context,Feature ngữ cảnh khác. Cần đọc cùng coefficient và metric validation/test.,Không có kỳ vọng hướng cố định.,Không thuộc nhóm insight chính hoặc chưa có bằng chứng mạnh từ giai đoạn 3.
categorical__currency_INR,currency=INR,0.0401118852230663,0.0401118852230663,increase_risk,Làm tăng log-odds fraud risk,Payment / authentication context,"Ngữ cảnh thanh toán, xác thực, kênh giao dịch và phương thức nhập thẻ.","Một số kênh/xác thực làm tăng hoặc giảm risk tùy ngữ cảnh, nhưng thường không mạnh bằng behavioral anomaly.","Giai đoạn 3 cho thấy card_not_present đứng riêng không quá mạnh, nhưng có thể mạnh hơn khi đi cùng behavior anomaly."
categorical__recurring_flag_SINGLE_PURCHASE,recurring_flag=SINGLE_PURCHASE,-0.040009839165617,0.040009839165617,decrease_risk,Làm giảm log-odds fraud risk,Payment / authentication context,"Ngữ cảnh thanh toán, xác thực, kênh giao dịch và phương thức nhập thẻ.","Một số kênh/xác thực làm tăng hoặc giảm risk tùy ngữ cảnh, nhưng thường không mạnh bằng behavioral anomaly.","Giai đoạn 3 cho thấy card_not_present đứng riêng không quá mạnh, nhưng có thể mạnh hơn khi đi cùng behavior anomaly."
categorical__credit_util_risk_group_high,credit_util_risk_group=high,-0.0379837361657744,0.0379837361657744,decrease_risk,Làm giảm log-odds fraud risk,Risk history / technical risk,"Các tín hiệu lịch sử rủi ro hoặc tín hiệu kỹ thuật như IP risk, decline rate, chargeback.","Một số tín hiệu kỹ thuật đứng riêng có thể yếu, nhưng vẫn hỗ trợ model khi kết hợp với feature khác.",Giai đoạn 3 cho thấy một số biến kỹ thuật đứng riêng không mạnh bằng behavior interaction.
categorical__auth_result_BIOMETRIC_PASS,auth_result=BIOMETRIC_PASS,0.0367126585209793,0.0367126585209793,increase_risk,Làm tăng log-odds fraud risk,Payment / authentication context,"Ngữ cảnh thanh toán, xác thực, kênh giao dịch và phương thức nhập thẻ.","Một số kênh/xác thực làm tăng hoặc giảm risk tùy ngữ cảnh, nhưng thường không mạnh bằng behavioral anomaly.","Giai đoạn 3 cho thấy card_not_present đứng riêng không quá mạnh, nhưng có thể mạnh hơn khi đi cùng behavior anomaly."
categorical__currency_HKD,currency=HKD,-0.0364944813501278,0.0364944813501278,decrease_risk,Làm giảm log-odds fraud risk,Payment / authentication context,"Ngữ cảnh thanh toán, xác thực, kênh giao dịch và phương thức nhập thẻ.","Một số kênh/xác thực làm tăng hoặc giảm risk tùy ngữ cảnh, nhưng thường không mạnh bằng behavioral anomaly.","Giai đoạn 3 cho thấy card_not_present đứng riêng không quá mạnh, nhưng có thể mạnh hơn khi đi cùng behavior anomaly."
categorical__credit_util_risk_group_medium,credit_util_risk_group=medium,-0.0338260707445633,0.0338260707445633,decrease_risk,Làm giảm log-odds fraud risk,Risk history / technical risk,"Các tín hiệu lịch sử rủi ro hoặc tín hiệu kỹ thuật như IP risk, decline rate, chargeback.","Một số tín hiệu kỹ thuật đứng riêng có thể yếu, nhưng vẫn hỗ trợ model khi kết hợp với feature khác.",Giai đoạn 3 cho thấy một số biến kỹ thuật đứng riêng không mạnh bằng behavior interaction.
categorical__currency_JPY,currency=JPY,0.0301664645894117,0.0301664645894117,increase_risk,Làm tăng log-odds fraud risk,Payment / authentication context,"Ngữ cảnh thanh toán, xác thực, kênh giao dịch và phương thức nhập thẻ.","Một số kênh/xác thực làm tăng hoặc giảm risk tùy ngữ cảnh, nhưng thường không mạnh bằng behavioral anomaly.","Giai đoạn 3 cho thấy card_not_present đứng riêng không quá mạnh, nhưng có thể mạnh hơn khi đi cùng behavior anomaly."
binary__tokenised_flag,tokenised_flag,0.0271428261836662,0.0271428261836662,increase_risk,Làm tăng log-odds fraud risk,Payment / authentication context,"Ngữ cảnh thanh toán, xác thực, kênh giao dịch và phương thức nhập thẻ.","Một số kênh/xác thực làm tăng hoặc giảm risk tùy ngữ cảnh, nhưng thường không mạnh bằng behavioral anomaly.","Giai đoạn 3 cho thấy card_not_present đứng riêng không quá mạnh, nhưng có thể mạnh hơn khi đi cùng behavior anomaly."
categorical__decline_rate_risk_group_low,decline_rate_risk_group=low,-0.0257380333051526,0.0257380333051526,decrease_risk,Làm giảm log-odds fraud risk,Risk history / technical risk,"Các tín hiệu lịch sử rủi ro hoặc tín hiệu kỹ thuật như IP risk, decline rate, chargeback.","Một số tín hiệu kỹ thuật đứng riêng có thể yếu, nhưng vẫn hỗ trợ model khi kết hợp với feature khác.",Giai đoạn 3 cho thấy một số biến kỹ thuật đứng riêng không mạnh bằng behavior interaction.
numeric__txn_count_ratio_7d_30d,txn_count_ratio_7d_30d,-0.0256981729049714,0.0256981729049714,decrease_risk,Làm giảm log-odds fraud risk,Transaction velocity,Tốc độ/tần suất giao dịch gần đây của user.,"Velocity bất thường có thể hỗ trợ phát hiện fraud, nhưng cần kiểm tra cùng các tín hiệu khác.",Giai đoạn 3 khuyến nghị giữ txn_count_ratio_7d_30d như behavioral anomaly feature.
categorical__payment_channel_SMART_WATCH,payment_channel=SMART_WATCH,-0.0246504737974764,0.0246504737974764,decrease_risk,Làm giảm log-odds fraud risk,Payment / authentication context,"Ngữ cảnh thanh toán, xác thực, kênh giao dịch và phương thức nhập thẻ.","Một số kênh/xác thực làm tăng hoặc giảm risk tùy ngữ cảnh, nhưng thường không mạnh bằng behavioral anomaly.","Giai đoạn 3 cho thấy card_not_present đứng riêng không quá mạnh, nhưng có thể mạnh hơn khi đi cùng behavior anomaly."
numeric__chargebacks_365d,chargebacks_365d,0.0238543416995966,0.0238543416995966,increase_risk,Làm tăng log-odds fraud risk,Risk history / technical risk,"Các tín hiệu lịch sử rủi ro hoặc tín hiệu kỹ thuật như IP risk, decline rate, chargeback.","Một số tín hiệu kỹ thuật đứng riêng có thể yếu, nhưng vẫn hỗ trợ model khi kết hợp với feature khác.",Giai đoạn 3 cho thấy một số biến kỹ thuật đứng riêng không mạnh bằng behavior interaction.
categorical__auth_result_3DS_FAIL,auth_result=3DS_FAIL,0.0216306003424899,0.0216306003424899,increase_risk,Làm tăng log-odds fraud risk,Payment / authentication context,"Ngữ cảnh thanh toán, xác thực, kênh giao dịch và phương thức nhập thẻ.","Một số kênh/xác thực làm tăng hoặc giảm risk tùy ngữ cảnh, nhưng thường không mạnh bằng behavioral anomaly.","Giai đoạn 3 cho thấy card_not_present đứng riêng không quá mạnh, nhưng có thể mạnh hơn khi đi cùng behavior anomaly."
categorical__currency_SGD,currency=SGD,0.021069125707439,0.021069125707439,increase_risk,Làm tăng log-odds fraud risk,Payment / authentication context,"Ngữ cảnh thanh toán, xác thực, kênh giao dịch và phương thức nhập thẻ.","Một số kênh/xác thực làm tăng hoặc giảm risk tùy ngữ cảnh, nhưng thường không mạnh bằng behavioral anomaly.","Giai đoạn 3 cho thấy card_not_present đứng riêng không quá mạnh, nhưng có thể mạnh hơn khi đi cùng behavior anomaly."
categorical__auth_characteristics_E_COMMERCE,auth_characteristics=E_COMMERCE,-0.0210449472119942,0.0210449472119942,decrease_risk,Làm giảm log-odds fraud risk,Payment / authentication context,"Ngữ cảnh thanh toán, xác thực, kênh giao dịch và phương thức nhập thẻ.","Một số kênh/xác thực làm tăng hoặc giảm risk tùy ngữ cảnh, nhưng thường không mạnh bằng behavioral anomaly.","Giai đoạn 3 cho thấy card_not_present đứng riêng không quá mạnh, nhưng có thể mạnh hơn khi đi cùng behavior anomaly."
numeric__distinct_merchants_7d,distinct_merchants_7d,-0.0185207381533534,0.0185207381533534,decrease_risk,Làm giảm log-odds fraud risk,Other context,Feature ngữ cảnh khác. Cần đọc cùng coefficient và metric validation/test.,Không có kỳ vọng hướng cố định.,Không thuộc nhóm insight chính hoặc chưa có bằng chứng mạnh từ giai đoạn 3.
categorical__recurring_flag_MOTO_MAIL,recurring_flag=MOTO_MAIL,-0.0154501389738157,0.0154501389738157,decrease_risk,Làm giảm log-odds fraud risk,Payment / authentication context,"Ngữ cảnh thanh toán, xác thực, kênh giao dịch và phương thức nhập thẻ.","Một số kênh/xác thực làm tăng hoặc giảm risk tùy ngữ cảnh, nhưng thường không mạnh bằng behavioral anomaly.","Giai đoạn 3 cho thấy card_not_present đứng riêng không quá mạnh, nhưng có thể mạnh hơn khi đi cùng behavior anomaly."
categorical__term_location_BRANCH_COUNTER,term_location=BRANCH_COUNTER,0.0103475683913319,0.0103475683913319,increase_risk,Làm tăng log-odds fraud risk,Payment / authentication context,"Ngữ cảnh thanh toán, xác thực, kênh giao dịch và phương thức nhập thẻ.","Một số kênh/xác thực làm tăng hoặc giảm risk tùy ngữ cảnh, nhưng thường không mạnh bằng behavioral anomaly.","Giai đoạn 3 cho thấy card_not_present đứng riêng không quá mạnh, nhưng có thể mạnh hơn khi đi cùng behavior anomaly."
categorical__day_name_Tuesday,day_name=Tuesday,0.0095108845833071,0.0095108845833071,increase_risk,Làm tăng log-odds fraud risk,Other context,Feature ngữ cảnh khác. Cần đọc cùng coefficient và metric validation/test.,Không có kỳ vọng hướng cố định.,Không thuộc nhóm insight chính hoặc chưa có bằng chứng mạnh từ giai đoạn 3.
categorical__message_type_0420-RepeatRev,message_type=0420-RepeatRev,-0.0087415465418205,0.0087415465418205,decrease_risk,Làm giảm log-odds fraud risk,Payment / authentication context,"Ngữ cảnh thanh toán, xác thực, kênh giao dịch và phương thức nhập thẻ.","Một số kênh/xác thực làm tăng hoặc giảm risk tùy ngữ cảnh, nhưng thường không mạnh bằng behavioral anomaly.","Giai đoạn 3 cho thấy card_not_present đứng riêng không quá mạnh, nhưng có thể mạnh hơn khi đi cùng behavior anomaly."
categorical__card_entry_mode_QR_CODE,card_entry_mode=QR_CODE,-0.0076430922503874,0.0076430922503874,decrease_risk,Làm giảm log-odds fraud risk,Payment / authentication context,"Ngữ cảnh thanh toán, xác thực, kênh giao dịch và phương thức nhập thẻ.","Một số kênh/xác thực làm tăng hoặc giảm risk tùy ngữ cảnh, nhưng thường không mạnh bằng behavioral anomaly.","Giai đoạn 3 cho thấy card_not_present đứng riêng không quá mạnh, nhưng có thể mạnh hơn khi đi cùng behavior anomaly."
categorical__card_entry_mode_CHIP,card_entry_mode=CHIP,-0.0071021239525333,0.0071021239525333,decrease_risk,Làm giảm log-odds fraud risk,Payment / authentication context,"Ngữ cảnh thanh toán, xác thực, kênh giao dịch và phương thức nhập thẻ.","Một số kênh/xác thực làm tăng hoặc giảm risk tùy ngữ cảnh, nhưng thường không mạnh bằng behavioral anomaly.","Giai đoạn 3 cho thấy card_not_present đứng riêng không quá mạnh, nhưng có thể mạnh hơn khi đi cùng behavior anomaly."
categorical__merchant_country_HK,merchant_country=HK,0.0070134841159802,0.0070134841159802,increase_risk,Làm tăng log-odds fraud risk,Country / cross-border behavior,Hành vi giao dịch theo quốc gia và mức độ đa dạng quốc gia của user.,distinct_countries_30d cao thường giảm risk; low_country_diversity hoặc cross-border interaction có thể tăng risk.,Giai đoạn 3 cho thấy low_country_diversity là segment có lift cao.
numeric__hour,hour,-0.0067395625360603,0.0067395625360603,decrease_risk,Làm giảm log-odds fraud risk,Other context,Feature ngữ cảnh khác. Cần đọc cùng coefficient và metric validation/test.,Không có kỳ vọng hướng cố định.,Không thuộc nhóm insight chính hoặc chưa có bằng chứng mạnh từ giai đoạn 3.
categorical__merchant_country_AE,merchant_country=AE,0.0053762831585978,0.0053762831585978,increase_risk,Làm tăng log-odds fraud risk,Country / cross-border behavior,Hành vi giao dịch theo quốc gia và mức độ đa dạng quốc gia của user.,distinct_countries_30d cao thường giảm risk; low_country_diversity hoặc cross-border interaction có thể tăng risk.,Giai đoạn 3 cho thấy low_country_diversity là segment có lift cao.
categorical__merchant_country_TH,merchant_country=TH,-0.0043612689216037,0.0043612689216037,decrease_risk,Làm giảm log-odds fraud risk,Country / cross-border behavior,Hành vi giao dịch theo quốc gia và mức độ đa dạng quốc gia của user.,distinct_countries_30d cao thường giảm risk; low_country_diversity hoặc cross-border interaction có thể tăng risk.,Giai đoạn 3 cho thấy low_country_diversity là segment có lift cao.
categorical__message_type_0510-AdviceRsp,message_type=0510-AdviceRsp,-0.0040787029576989,0.0040787029576989,decrease_risk,Làm giảm log-odds fraud risk,Payment / authentication context,"Ngữ cảnh thanh toán, xác thực, kênh giao dịch và phương thức nhập thẻ.","Một số kênh/xác thực làm tăng hoặc giảm risk tùy ngữ cảnh, nhưng thường không mạnh bằng behavioral anomaly.","Giai đoạn 3 cho thấy card_not_present đứng riêng không quá mạnh, nhưng có thể mạnh hơn khi đi cùng behavior anomaly."
categorical__merchant_country_CA,merchant_country=CA,-0.0022075907666614,0.0022075907666614,decrease_risk,Làm giảm log-odds fraud risk,Country / cross-border behavior,Hành vi giao dịch theo quốc gia và mức độ đa dạng quốc gia của user.,distinct_countries_30d cao thường giảm risk; low_country_diversity hoặc cross-border interaction có thể tăng risk.,Giai đoạn 3 cho thấy low_country_diversity là segment có lift cao.
numeric__log_mean_amount_30d,log_mean_amount_30d,0.0007193442863062,0.0007193442863062,increase_risk,Làm tăng log-odds fraud risk,Other context,Feature ngữ cảnh khác. Cần đọc cùng coefficient và metric validation/test.,Không có kỳ vọng hướng cố định.,Không thuộc nhóm insight chính hoặc chưa có bằng chứng mạnh từ giai đoạn 3.
