night_ratio_30d,mcc_entropy_30d,distinct_merchants_7d,distinct_countries_30d,device_diversity_30d,decline_rate_30d,chargebacks_365d,credit_util_today,spending_trend,ip_score,txn_count_7d,txn_count_30d,txn_count_ratio_7d_30d,hour,log_mean_amount_30d,amount_to_mean_30d,log_amount_to_max_30d,amount_z_30d,night_unusual_score,currency,payment_channel,merchant_country,mcc,card_entry_mode,auth_result,pin_verif_method,recurring_flag,auth_characteristics,message_type,term_location,day_name,time_period,night_ratio_group,night_unusual_group,amount_to_max_group,ip_score_risk_group,decline_rate_risk_group,credit_util_risk_group,txn_count_7d_group,txn_velocity_group,very_low_mcc_entropy_flag,low_mcc_entropy_flag,low_night_ratio_flag,high_max_amount_30d_flag,low_spending_trend_flag,low_country_diversity_flag,night_transaction_flag,card_not_present_flag,cross_border_flag,tokenised_flag,low_mcc_entropy_x_low_night_ratio,low_mcc_entropy_x_low_night_ratio_x_card_not_present,low_mcc_entropy_x_high_max_amount_30d,low_mcc_entropy_x_low_spending_trend,low_night_ratio_x_high_max_amount_30d,low_night_ratio_x_night_transaction,low_mcc_entropy_x_card_not_present,cross_border_x_low_country_diversity,fraud,y_true,fraud_probability,y_pred,threshold,error_type
0.019,0.921,53,13,8,0.057,0,0.045,4.825,0.6249,24.0,447.0,0.05357142857142857,23,1.9387416595767009,16125.007194244605,0.37277881172301003,48095.643776824036,0.981,GBP,MOBILE_APP,CN,3072,MAGSTRIPE,CVV_PASS,NONE,INSTALLMENT_PLAN,MOBILE_TOKEN,0110-AuthRsp,MOBILE_APP,Thursday,late_evening,very_low,very_high,below_half_max,high,low,low,gt_20,very_low,0,0,1,1,0,0,1,0,0,0,0,0,0,0,1,1,0,0,1,1,0.4912050204457469,0,0.66,FN
0.743,0.79,63,22,34,0.237,0,0.772,1.545,0.1905,95.0,101.0,0.9313725490196079,1,1.801709800081223,19895.757425742573,1.1378496679947945,16675.412171507607,0.257,USD,IVR_PHONE,BR,5732,MANUAL_KEYED,AVS_FAIL,SIGNATURE,SINGLE_PURCHASE,CRYPTOGRAM_PRESENT,0100-AuthReq,POS_TERMINAL,Friday,night,high,low,much_above_max,low,medium,high,gt_20,high,0,0,0,0,0,0,1,0,0,1,0,0,0,0,0,0,0,0,1,1,0.0059969632095475,0,0.66,FN
0.393,3.841,84,10,18,0.072,0,0.8,3.492,0.3672,65.0,187.0,0.34574468085106386,1,2.288486168614544,7331.525354969574,0.48333441168295826,19966.8453038674,0.607,GBP,WEB_BROWSER,BR,5368,CHIP,BIOMETRIC_PASS,SIGNATURE,SINGLE_PURCHASE,CARD_PRESENT,0400-Reversal,BRANCH_COUNTER,Friday,night,medium,high,near_max,medium,low,high,gt_20,low,0,0,0,0,0,0,1,1,0,1,0,0,0,0,0,0,0,0,1,1,0.0715378252628033,0,0.66,FN
0.396,0.016,9,1,24,0.091,0,0.556,4.728,0.3792,10.0,234.0,0.0425531914893617,2,2.5847519847577165,4708.287330316743,0.25220190918147384,27257.480349344976,0.604,JPY,POS_TERMINAL,CN,4339,MAGSTRIPE,CVV_FAIL,SIGNATURE,MOTO_PHONE,FALLBACK_MAG,0110-AuthRsp,KIOSK,Friday,night,medium,high,below_half_max,medium,low,medium,6_10,very_low,1,1,0,0,0,1,1,1,0,0,0,0,0,0,0,0,1,0,1,1,0.5548975711934825,0,0.66,FN
0.556,0.697,35,23,3,0.149,0,0.171,2.895,0.4895,24.0,384.0,0.06233766233766234,12,1.9572739077056285,15764.669491525423,1.164129613964628,43258.829457364336,0.0,INR,WEB_BROWSER,MY,7655,CONTACTLESS,3DS_FAIL,NONE,INSTALLMENT_PLAN,FALLBACK_MAG,0420-RepeatRev,BRANCH_COUNTER,Friday,afternoon,medium,not_night,much_above_max,medium,medium,low,gt_20,very_low,0,0,0,0,0,0,0,1,1,1,0,0,0,0,0,0,0,0,1,1,0.0147806282231976,0,0.66,FN
0.718,2.312,78,5,21,0.141,0,0.599,0.445,0.0619,95.0,422.0,0.22458628841607564,12,1.9139771019523042,15680.30383480826,1.0324307615733588,51355.88405797101,0.0,USD,SMART_WATCH,VN,3056,MAGSTRIPE,3DS_PASS,NONE,MOTO_PHONE,E_COMMERCE,0200-FinReq,BRANCH_COUNTER,Friday,afternoon,high,not_night,above_max,low,medium,medium,gt_20,low,0,0,0,0,1,0,0,1,1,0,0,0,0,0,0,0,0,0,1,1,0.0233953018814928,0,0.66,FN
0.025,2.183,91,8,20,0.315,0,0.015,0.95,0.3002,28.0,431.0,0.06481481481481481,13,1.8656293177945105,23681.219814241485,0.6056860413604203,72845.34285714285,0.0,THB,IVR_PHONE,HK,7816,QR_CODE,AVS_PASS,NONE,MOTO_PHONE,CARD_PRESENT,0110-AuthRsp,BRANCH_COUNTER,Friday,afternoon,very_low,not_night,near_max,medium,high,low,gt_20,very_low,0,0,1,0,0,0,0,1,0,1,0,0,0,0,0,0,0,0,1,1,0.6279950571069982,0,0.66,FN
0.099,3.358,114,11,20,0.12,0,1.947,3.839,0.058,16.0,297.0,0.053691275167785234,16,2.0930978681273213,19657.483353884094,0.5058513777840495,47164.22485207101,0.0,EUR,MOBILE_APP,DE,3336,CONTACTLESS,AVS_PASS,NONE,MOTO_MAIL,E_COMMERCE,0500-Advice,WEARABLE_PAY,Friday,afternoon,very_low,not_night,near_max,low,medium,very_high,11_20,very_low,0,0,1,1,0,0,0,1,0,1,0,0,0,0,1,0,0,0,1,1,0.0080924228730761,0,0.66,FN
0.756,1.619,33,4,8,0.155,2,1.404,2.59,0.4719,28.0,292.0,0.09556313993174062,20,1.9558604799084813,12260.131541725601,0.3272165576752289,20063.208333333332,0.0,USD,WEB_BROWSER,HK,5877,QR_CODE,BIOMETRIC_PASS,OFFLINE_PIN,MOTO_PHONE,MOBILE_TOKEN,0100-AuthReq,MOBILE_APP,Friday,evening,high,not_night,below_half_max,medium,medium,very_high,gt_20,very_low,0,0,0,0,0,0,0,0,0,1,0,0,0,0,0,0,0,0,1,1,0.1606144287885907,0,0.66,FN
0.424,1.993,37,23,36,0.08,0,1.66,2.188,0.3231,81.0,237.0,0.3403361344537815,1,1.8500283773520307,2339.440251572327,0.3255357773832505,7116.497607655503,0.5760000000000001,JPY,POS_TERMINAL,HK,4144,QR_CODE,BIOMETRIC_PASS,SIGNATURE,MOTO_MAIL,CARD_PRESENT,0200-FinReq,ONLINE_PORTAL,Saturday,night,medium,medium,below_half_max,medium,low,very_high,gt_20,low,0,0,0,0,0,0,1,1,0,1,0,0,0,0,0,0,0,0,1,1,0.02484761002702,0,0.66,FN
0.793,0.229,25,14,9,0.113,0,0.301,3.357,0.1856,60.0,496.0,0.12072434607645875,5,3.005187432324746,1217.0792471520556,0.11617582575187858,11581.905660377359,0.20699999999999996,USD,API_SERVER,MY,5842,QR_CODE,AVS_PASS,ONLINE_PIN,RECURRING_SUBSCRIPTION,CRYPTOGRAM_PRESENT,0110-AuthRsp,MOBILE_APP,Saturday,night,high,low,below_half_max,low,medium,medium,gt_20,very_low,0,1,0,0,0,0,1,0,0,1,0,0,0,0,0,0,0,0,1,1,0.1359523755478746,0,0.66,FN
0.158,2.545,79,15,17,0.128,0,0.565,3.507,0.2299,17.0,327.0,0.051829268292682924,12,2.1447610078004784,15498.466042154567,0.5201703298088142,47607.6834532374,0.0,EUR,MOBILE_APP,ZA,4091,QR_CODE,BIOMETRIC_FAIL,ONLINE_PIN,INSTALLMENT_PLAN,E_COMMERCE,0510-AdviceRsp,CALL_CENTER,Saturday,afternoon,low,not_night,near_max,medium,medium,medium,11_20,very_low,0,0,0,0,0,0,0,0,0,0,0,0,0,0,0,0,0,0,1,1,0.0580665612635919,0,0.66,FN
0.202,0.842,91,18,26,0.207,2,0.642,4.549,0.1953,56.0,485.0,0.11522633744855967,16,2.3617969526258915,5007.146088595665,0.20210464776818798,14552.386301369863,0.0,USD,SMART_WATCH,BR,4493,MAGSTRIPE,3DS_PASS,SIGNATURE,MOTO_MAIL,FORCE_POST,0100-AuthReq,ONLINE_PORTAL,Saturday,afternoon,low,not_night,below_half_max,low,medium,high,gt_20,very_low,0,0,0,1,0,0,0,1,0,0,0,0,0,0,0,0,0,0,1,1,0.128756071333018,0,0.66,FN
0.016,0.349,72,11,13,0.185,0,1.693,4.12,0.1301,3.0,362.0,0.008264462809917356,20,1.8855533485144158,15748.367223065252,0.5417901675534496,16846.777597402597,0.0,USD,IVR_PHONE,ZA,7628,CHIP,3DS_PASS,OFFLINE_PIN,INSTALLMENT_PLAN,FALLBACK_MAG,0110-AuthRsp,CALL_CENTER,Saturday,evening,very_low,not_night,near_max,low,medium,very_high,2_5,very_low,0,1,1,0,0,0,0,0,0,0,1,0,0,0,0,0,0,0,1,1,0.0527509013859173,0,0.66,FN
0.669,3.341,12,11,31,0.307,0,1.683,3.65,0.2066,39.0,305.0,0.12745098039215685,21,2.779440197188883,1257.903165735568,0.17250986278457628,4644.428899082569,0.0,CAD,POS_TERMINAL,FR,3119,CONTACTLESS,BIOMETRIC_PASS,SIGNATURE,SINGLE_PURCHASE,FALLBACK_MAG,0400-Reversal,WEARABLE_PAY,Saturday,evening,high,not_night,below_half_max,medium,high,very_high,gt_20,very_low,0,0,0,0,0,0,0,1,0,1,0,0,0,0,0,0,0,0,1,1,0.0605305795281428,0,0.66,FN
0.39,3.485,5,21,34,0.22,0,1.297,3.696,0.4916,58.0,264.0,0.2188679245283019,22,2.605648267484129,13853.640324963073,2.2505782919093242,80847.30603448275,0.61,USD,IVR_PHONE,BR,5787,MAGSTRIPE,AVS_PASS,ONLINE_PIN,RECURRING_SUBSCRIPTION,CARD_PRESENT,0500-Advice,ONLINE_PORTAL,Saturday,late_evening,medium,high,extreme,medium,medium,very_high,gt_20,low,0,0,0,0,0,0,1,0,0,0,0,0,0,0,0,0,0,0,1,1,0.0083818260090108,0,0.66,FN
0.723,0.384,52,7,40,0.203,0,0.441,0.152,0.1511,40.0,397.0,0.10050251256281408,4,2.9616582932202395,8496.966373512674,0.6375055046514183,79337.21256038646,0.277,JPY,MOBILE_APP,ZA,4522,TOKEN_IN_APP,3DS_FAIL,SIGNATURE,RECURRING_SUBSCRIPTION,E_COMMERCE,0500-Advice,CALL_CENTER,Sunday,night,high,low,near_max,low,medium,medium,gt_20,very_low,0,1,0,0,1,0,1,1,0,1,0,0,0,1,0,0,1,0,1,1,0.4933986945171522,0,0.66,FN
0.72,2.103,106,6,8,0.451,0,1.77,3.116,0.2189,11.0,11.0,0.9166666666666666,4,1.8468787684491346,30950.91955835962,0.7371715968484449,85687.1135371179,0.28,JPY,IVR_PHONE,ID,7252,TOKEN_IN_APP,AVS_FAIL,OFFLINE_PIN,RECURRING_SUBSCRIPTION,CARD_PRESENT,0210-FinRsp,WEARABLE_PAY,Sunday,night,high,low,above_max,medium,high,very_high,11_20,high,0,0,0,0,0,0,1,1,1,1,0,0,0,0,0,0,0,0,1,1,0.0186103919501085,0,0.66,FN
0.031,0.08,23,2,14,0.314,0,0.809,1.009,0.3728,54.0,78.0,0.6835443037974683,5,2.343727036325221,1908.1420345489444,2.0441398040513556,8246.232365145228,0.969,EUR,API_SERVER,ID,4545,CONTACTLESS,AVS_PASS,ONLINE_PIN,INSTALLMENT_PLAN,CRYPTOGRAM_PRESENT,0400-Reversal,CALL_CENTER,Sunday,night,very_low,very_high,extreme,medium,high,high,gt_20,medium,1,1,1,0,0,1,1,1,0,1,1,1,0,0,0,1,1,0,1,1,0.088291181327338,0,0.66,FN
0.076,2.827,5,24,24,0.065,0,1.518,4.188,0.3261,11.0,465.0,0.023605150214592276,6,1.9358598132018119,26500.642135642138,0.9513974565090686,88290.15384615386,0.0,USD,ATM,IN,4786,TOKEN_IN_APP,3DS_PASS,ONLINE_PIN,MOTO_MAIL,CARD_PRESENT,0500-Advice,CALL_CENTER,Sunday,morning,very_low,not_night,above_max,medium,low,very_high,11_20,very_low,0,0,1,0,0,0,0,1,0,0,0,0,0,0,0,0,0,0,1,1,0.0180502918056233,0,0.66,FN
0.519,3.461,84,4,18,0.075,0,0.303,1.557,0.0903,77.0,458.0,0.16775599128540306,15,2.2762411176544437,8108.713552361396,1.0469220190099775,24601.28660436137,0.0,INR,IVR_PHONE,ZA,3050,MANUAL_KEYED,3DS_PASS,ONLINE_PIN,INSTALLMENT_PLAN,FORCE_POST,0210-FinRsp,KIOSK,Sunday,afternoon,medium,not_night,above_max,low,low,medium,gt_20,very_low,0,0,0,0,0,0,0,1,1,0,0,0,0,0,0,0,0,0,1,1,0.0082437636675128,0,0.66,FN
0.358,2.202,18,7,4,0.147,0,0.204,2.934,0.2905,95.0,173.0,0.5459770114942529,1,2.517696472610991,7842.307258064516,0.4509979989597549,22250.16247139588,0.642,USD,MOBILE_APP,AE,4174,MANUAL_KEYED,BIOMETRIC_FAIL,SIGNATURE,MOTO_PHONE,FALLBACK_MAG,0200-FinReq,CALL_CENTER,Monday,night,medium,high,near_max,medium,medium,low,gt_20,medium,0,0,0,0,0,0,1,0,0,0,0,0,0,0,0,0,0,0,1,1,0.2011671077662285,0,0.66,FN
0.978,1.114,101,1,12,0.062,0,0.179,4.07,0.4862,0.0,355.0,0.0,4,2.6071242825122494,6838.146755162242,0.6769720923578931,33713.71272727273,0.02200000000000002,USD,WEB_BROWSER,FR,5795,CHIP,BIOMETRIC_PASS,SIGNATURE,SINGLE_PURCHASE,MOBILE_TOKEN,0110-AuthRsp,ONLINE_PORTAL,Monday,night,high,low,near_max,medium,low,low,0_1,very_low,0,0,0,0,0,1,1,0,0,0,0,0,0,0,0,0,0,0,1,1,0.0175575942406392,0,0.66,FN
0.357,0.429,55,21,3,0.226,0,1.346,2.416,0.7061,86.0,465.0,0.18454935622317598,6,2.3105532626432224,16325.907738095237,0.8563548477755196,70929.34051724138,0.0,USD,API_SERVER,SG,4390,MAGSTRIPE,BIOMETRIC_FAIL,ONLINE_PIN,SINGLE_PURCHASE,MOBILE_TOKEN,0210-FinRsp,MOBILE_APP,Monday,morning,medium,not_night,above_max,high,medium,very_high,gt_20,very_low,0,0,0,0,0,0,0,1,0,0,0,0,0,0,0,0,0,0,1,1,0.0701968004051314,0,0.66,FN
0.237,1.46,35,8,28,0.183,0,0.983,4.934,0.1549,30.0,441.0,0.06787330316742081,10,1.8687205103641833,29433.063271604937,0.9116249810270527,89121.85514018692,0.0,GBP,API_SERVER,BR,4410,CONTACTLESS,CVV_FAIL,OFFLINE_PIN,MOTO_PHONE,MOBILE_TOKEN,0400-Reversal,ONLINE_PORTAL,Monday,morning,low,not_night,above_max,low,medium,very_high,gt_20,very_low,0,0,0,0,0,0,0,0,1,1,0,0,0,0,0,0,0,0,1,1,0.0366063254519129,0,0.66,FN
0.725,0.573,31,24,28,0.161,1,1.92,3.907,0.6112,50.0,263.0,0.1893939393939394,11,1.80005827204275,28183.97520661157,1.513549877416673,50746.42857142857,0.0,USD,MOBILE_APP,CA,7528,CONTACTLESS,AVS_PASS,SIGNATURE,MOTO_PHONE,FALLBACK_MAG,0400-Reversal,ONLINE_PORTAL,Monday,morning,high,not_night,much_above_max,high,medium,very_high,gt_20,very_low,0,0,0,0,0,0,0,1,0,1,0,0,0,0,0,0,0,0,1,1,0.0093055148293233,0,0.66,FN
0.191,3.614,90,15,9,0.139,0,1.407,1.737,0.1404,36.0,495.0,0.07258064516129033,17,2.080690761080268,16743.318352059927,0.4644095837233796,59869.18303571428,0.0,USD,ATM,CN,4421,MANUAL_KEYED,BIOMETRIC_PASS,SIGNATURE,RECURRING_SUBSCRIPTION,CRYPTOGRAM_PRESENT,0110-AuthRsp,MOBILE_APP,Monday,afternoon,low,not_night,near_max,low,medium,very_high,gt_20,very_low,0,0,0,1,0,0,0,0,1,0,0,0,0,0,0,0,0,0,1,1,0.0941051132357443,0,0.66,FN
0.049,3.298,53,8,9,0.243,0,1.172,2.298,0.604,82.0,177.0,0.4606741573033708,23,2.0719132752590443,25185.92443324937,0.8096811337113978,56171.151685393255,0.951,USD,SMART_WATCH,MY,5850,CONTACTLESS,CVV_PASS,SIGNATURE,SINGLE_PURCHASE,CARD_PRESENT,0500-Advice,CALL_CENTER,Monday,late_evening,very_low,very_high,above_max,high,medium,very_high,gt_20,low,0,0,1,0,0,0,1,1,0,0,0,0,0,0,0,1,0,0,1,1,0.0342647575729349,0,0.66,FN
0.107,1.395,4,11,23,0.111,0,0.639,2.168,0.3326,80.0,233.0,0.3418803418803419,0,2.225704048658088,13365.578833693304,0.4663852006772394,55496.41255605381,0.893,AUD,IVR_PHONE,GB,5238,CHIP,BIOMETRIC_FAIL,OFFLINE_PIN,INSTALLMENT_PLAN,CRYPTOGRAM_PRESENT,0210-FinRsp,BRANCH_COUNTER,Tuesday,night,low,high,near_max,medium,medium,high,gt_20,low,0,0,0,0,0,0,1,0,1,0,0,0,0,0,0,0,0,0,1,1,0.6215543243103474,0,0.66,FN
0.893,3.885,66,25,34,0.122,0,0.323,3.721,0.2975,96.0,251.0,0.38095238095238093,0,1.80005827204275,12592.839669421486,0.3923460286147586,22210.387755102038,0.10699999999999998,USD,IVR_PHONE,VN,3055,CHIP,3DS_FAIL,SIGNATURE,MOTO_MAIL,FORCE_POST,0400-Reversal,ONLINE_PORTAL,Tuesday,night,high,low,below_half_max,medium,medium,medium,gt_20,low,0,0,0,0,0,0,1,1,0,1,0,0,0,0,0,0,0,0,1,1,0.0774574915605267,0,0.66,FN
0.173,0.423,106,19,3,0.308,0,0.17,0.831,0.1135,64.0,394.0,0.1620253164556962,7,1.9615022438151495,1602.8410689170182,0.053835085873380074,5017.660792951542,0.0,IDR,ATM,VN,4739,MANUAL_KEYED,3DS_PASS,NONE,MOTO_PHONE,MOBILE_TOKEN,0510-AdviceRsp,MOBILE_APP,Tuesday,morning,low,not_night,below_half_max,low,high,low,gt_20,very_low,0,0,0,0,0,0,0,0,0,1,0,0,0,0,0,0,0,0,1,1,0.6266662366010493,0,0.66,FN
0.555,0.597,21,21,38,0.297,4,1.745,4.863,0.2709,4.0,348.0,0.011461318051575931,9,1.925707441737794,17832.749271137025,0.4584950014171718,35872.961876832844,0.0,HKD,API_SERVER,GB,3085,TOKEN_IN_APP,AVS_PASS,SIGNATURE,MOTO_PHONE,FORCE_POST,0200-FinReq,ONLINE_PORTAL,Tuesday,morning,medium,not_night,near_max,medium,medium,very_high,2_5,very_low,0,0,0,0,0,0,0,1,0,0,0,0,0,0,0,0,0,0,1,1,0.002352973320594,0,0.66,FN
0.454,1.43,88,6,28,0.077,0,1.431,3.361,0.2213,46.0,306.0,0.1498371335504886,10,2.717340248009303,10215.95244385733,1.2377834919328847,22252.5726618705,0.0,CHF,API_SERVER,AU,3184,CONTACTLESS,3DS_FAIL,OFFLINE_PIN,MOTO_PHONE,FORCE_POST,0210-FinRsp,BRANCH_COUNTER,Tuesday,morning,medium,not_night,much_above_max,medium,low,very_high,gt_20,very_low,0,0,0,0,0,0,0,1,0,1,0,0,0,0,0,0,0,0,1,1,0.0436967045703171,0,0.66,FN
0.188,1.313,67,1,26,0.152,0,1.158,1.678,0.647,65.0,147.0,0.4391891891891892,14,2.163323025660538,19140.196551724137,1.109345123014687,39551.54631828978,0.0,EUR,API_SERVER,PH,7961,QR_CODE,3DS_FAIL,OFFLINE_PIN,INSTALLMENT_PLAN,CRYPTOGRAM_PRESENT,0510-AdviceRsp,WEARABLE_PAY,Tuesday,afternoon,low,not_night,much_above_max,high,medium,very_high,gt_20,low,0,0,0,0,0,1,0,0,1,0,0,0,0,0,0,0,0,1,1,1,0.1138286744313574,0,0.66,FN
0.816,1.91,48,11,30,0.063,3,0.324,1.456,0.2738,23.0,100.0,0.22772277227722773,15,2.6217658325051976,4321.910610465116,0.2143761787606779,12758.954935622316,0.0,USD,MOBILE_APP,AU,4390,CHIP,BIOMETRIC_FAIL,NONE,INSTALLMENT_PLAN,E_COMMERCE,0400-Reversal,BRANCH_COUNTER,Tuesday,afternoon,high,not_night,below_half_max,medium,low,medium,gt_20,low,0,0,0,1,0,0,0,1,0,1,0,0,0,0,0,0,0,0,1,1,0.1172739658652506,0,0.66,FN
0.064,0.364,79,11,2,0.299,0,0.607,3.758,0.2004,58.0,396.0,0.14609571788413098,17,1.9286186519452522,7482.898255813953,0.34083435521062255,13165.335038363171,0.0,EUR,IVR_PHONE,ID,7526,MANUAL_KEYED,3DS_FAIL,NONE,INSTALLMENT_PLAN,MOBILE_TOKEN,0400-Reversal,WEARABLE_PAY,Tuesday,afternoon,very_low,not_night,below_half_max,medium,medium,high,gt_20,very_low,0,1,1,0,0,0,0,1,0,1,1,1,0,0,0,0,1,0,1,1,0.3564023718624171,0,0.66,FN
0.109,3.659,105,11,15,0.193,0,1.079,1.279,0.179,89.0,175.0,0.5056818181818182,17,1.9726911717329554,11063.019471488178,0.7875966689109644,28304.953736654803,0.0,EUR,ATM,AE,5980,CHIP,CVV_FAIL,ONLINE_PIN,INSTALLMENT_PLAN,FORCE_POST,0200-FinReq,WEARABLE_PAY,Tuesday,afternoon,low,not_night,above_max,low,medium,very_high,gt_20,medium,0,0,0,0,0,0,0,0,1,0,0,0,0,0,0,0,0,0,1,1,0.0245672714139018,0,0.66,FN
0.993,0.067,63,18,39,0.064,3,1.03,3.99,0.0452,69.0,95.0,0.71875,19,1.9125010869241836,5578.837518463812,0.18869623510876912,10607.573033707868,0.0,USD,IVR_PHONE,KR,5251,MAGSTRIPE,BIOMETRIC_PASS,NONE,MOTO_PHONE,E_COMMERCE,0210-FinRsp,KIOSK,Tuesday,evening,high,not_night,below_half_max,low,low,very_high,gt_20,medium,1,1,0,0,0,0,0,0,0,1,0,0,0,0,0,0,0,0,1,1,0.0076479266334109,0,0.66,FN
0.646,0.813,103,3,28,0.226,0,0.885,3.533,0.3102,9.0,16.0,0.5294117647058824,21,2.6275629501895237,1905.1423410404623,0.14234725065305306,8640.76393442623,0.0,KRW,SMART_WATCH,CA,5417,CHIP,3DS_PASS,SIGNATURE,INSTALLMENT_PLAN,CRYPTOGRAM_PRESENT,0100-AuthReq,CALL_CENTER,Tuesday,evening,high,not_night,below_half_max,medium,medium,high,6_10,medium,0,0,0,0,0,1,0,1,0,1,0,0,0,0,0,0,0,0,1,1,0.0664369551346094,0,0.66,FN
0.891,3.503,68,14,17,0.198,0,0.181,0.904,0.4724,78.0,79.0,0.975,0,2.6762154775821916,7245.536820371644,0.5768309604838406,17143.99348534202,0.10899999999999999,USD,MOBILE_APP,TH,7229,MAGSTRIPE,BIOMETRIC_PASS,OFFLINE_PIN,INSTALLMENT_PLAN,FORCE_POST,0100-AuthReq,ONLINE_PORTAL,Wednesday,night,high,low,near_max,medium,medium,low,gt_20,high,0,0,0,0,0,0,1,1,0,1,0,0,0,0,0,0,0,0,1,1,0.0215259876695594,0,0.66,FN
0.635,2.856,49,12,22,0.142,0,0.713,0.405,0.2753,20.0,75.0,0.2631578947368421,1,2.163323025660538,21453.841379310346,0.9995579037136246,66657.40000000001,0.365,GBP,WEB_BROWSER,ZA,4822,MANUAL_KEYED,BIOMETRIC_FAIL,ONLINE_PIN,INSTALLMENT_PLAN,CARD_PRESENT,0200-FinReq,BRANCH_COUNTER,Wednesday,night,high,medium,above_max,medium,medium,high,11_20,low,0,0,0,0,1,0,1,0,1,0,0,0,0,0,0,0,0,0,1,1,0.034834726639849,0,0.66,FN
0.483,2.517,10,24,26,0.223,0,1.735,2.076,0.0682,65.0,231.0,0.2801724137931034,7,2.1724764076470255,8507.217539863324,1.4609254077550775,23560.12302839117,0.0,GBP,API_SERVER,SG,4423,CHIP,3DS_FAIL,OFFLINE_PIN,MOTO_MAIL,CRYPTOGRAM_PRESENT,0510-AdviceRsp,POS_TERMINAL,Wednesday,morning,medium,not_night,much_above_max,low,medium,very_high,gt_20,low,0,0,0,0,0,0,0,1,1,0,0,0,0,0,0,0,0,0,1,1,0.0976738997150819,0,0.66,FN
0.777,0.592,86,2,2,0.196,0,1.451,4.9,0.2308,0.0,160.0,0.0,10,2.362739015813793,7081.875706214691,0.3647174345052679,14517.355212355214,0.0,EUR,SMART_WATCH,US,3274,MAGSTRIPE,3DS_PASS,SIGNATURE,MOTO_MAIL,MOBILE_TOKEN,0420-RepeatRev,ONLINE_PORTAL,Wednesday,morning,high,not_night,below_half_max,medium,medium,very_high,0_1,very_low,0,0,0,0,0,1,0,1,0,0,0,0,0,0,0,0,0,0,1,1,0.0224261880877723,0,0.66,FN
0.416,0.246,61,23,23,0.08,0,0.084,1.202,0.4107,11.0,498.0,0.022044088176352707,16,2.247072383063787,8293.83932346723,0.3040325215449875,36488.95813953488,0.0,GBP,SMART_WATCH,VN,4291,CONTACTLESS,CVV_PASS,ONLINE_PIN,INSTALLMENT_PLAN,FORCE_POST,0400-Reversal,POS_TERMINAL,Wednesday,afternoon,medium,not_night,below_half_max,medium,low,low,11_20,very_low,0,1,0,0,0,0,0,1,0,1,0,0,0,0,0,0,1,0,1,1,0.6181019985644407,0,0.66,FN
0.877,3.128,105,8,19,0.251,1,0.149,3.484,0.2865,21.0,42.0,0.4883720930232558,19,1.9416152247724325,26798.628407460546,0.7387743419213543,83384.13839285713,0.0,USD,ATM,SG,7523,MANUAL_KEYED,BIOMETRIC_FAIL,OFFLINE_PIN,RECURRING_SUBSCRIPTION,CRYPTOGRAM_PRESENT,0500-Advice,BRANCH_COUNTER,Wednesday,evening,high,not_night,above_max,medium,medium,low,gt_20,low,0,0,0,0,0,0,0,1,0,0,0,0,0,0,0,0,0,0,1,1,0.0060775843686498,0,0.66,FN
0.22,0.236,58,11,6,0.307,0,0.032,3.627,0.1041,44.0,322.0,0.13622291021671826,22,1.9947003132247452,23361.032653061226,0.8999025868431944,47693.677777777775,0.78,USD,SMART_WATCH,FR,5158,MAGSTRIPE,AVS_PASS,OFFLINE_PIN,MOTO_MAIL,CARD_PRESENT,0100-AuthReq,KIOSK,Wednesday,late_evening,low,high,above_max,low,high,low,gt_20,very_low,0,1,0,0,0,0,1,1,0,1,0,0,0,0,0,0,1,0,1,1,0.1226968731607335,0,0.66,FN
0.699,0.845,68,16,19,0.183,0,0.728,0.845,0.2028,22.0,181.0,0.12087912087912088,2,1.809926773183504,11498.055646481176,1.5870252960588915,22660.64838709677,0.30100000000000005,USD,POS_TERMINAL,AE,3101,MANUAL_KEYED,AVS_FAIL,ONLINE_PIN,RECURRING_SUBSCRIPTION,E_COMMERCE,0100-AuthReq,POS_TERMINAL,Thursday,night,high,medium,much_above_max,medium,medium,high,gt_20,very_low,0,0,0,0,0,0,1,1,1,1,0,0,0,0,0,0,0,0,1,1,0.0154272536599616,0,0.66,FN
0.078,2.197,114,2,31,0.113,3,1.862,4.868,0.2574,34.0,321.0,0.10559006211180125,5,2.5817308344235403,14334.238275340393,0.6557617238549888,88133.21395348838,0.922,JPY,SMART_WATCH,MY,5308,MAGSTRIPE,3DS_FAIL,OFFLINE_PIN,MOTO_PHONE,FALLBACK_MAG,0210-FinRsp,WEARABLE_PAY,Thursday,night,very_low,very_high,near_max,medium,medium,very_high,gt_20,very_low,0,0,1,0,0,1,1,1,0,1,0,0,0,0,0,1,0,0,1,1,0.0238316167685108,0,0.66,FN
0.866,3.656,99,4,19,0.226,0,1.28,1.771,0.1376,21.0,108.0,0.1926605504587156,12,2.4898941912990393,4722.800995024876,0.21035795329245063,14527.020408163267,0.0,IDR,ATM,MY,7945,CHIP,3DS_FAIL,SIGNATURE,MOTO_MAIL,FORCE_POST,0200-FinReq,ONLINE_PORTAL,Thursday,afternoon,high,not_night,below_half_max,low,medium,very_high,gt_20,very_low,0,0,0,1,0,0,0,1,0,1,0,0,0,0,0,0,0,0,1,1,0.0110829320554422,0,0.66,FN
0.262,0.522,102,23,29,0.083,0,1.112,0.532,0.5522,19.0,491.0,0.03861788617886179,14,2.203869120054888,15368.151214128036,0.48262850023317333,65364.97183098592,0.0,USD,WEB_BROWSER,FR,7423,QR_CODE,BIOMETRIC_FAIL,OFFLINE_PIN,MOTO_MAIL,CRYPTOGRAM_PRESENT,0500-Advice,POS_TERMINAL,Thursday,afternoon,low,not_night,near_max,high,low,very_high,11_20,very_low,0,0,0,0,1,0,0,1,1,0,0,0,0,0,0,0,0,0,1,1,0.6144337534604417,0,0.66,FN
0.064,2.269,46,3,20,0.123,0,0.518,2.479,0.2738,59.0,204.0,0.28780487804878047,16,2.063058062429312,16618.82465057179,0.8233748414851536,38808.094955489614,0.0,CNY,IVR_PHONE,HK,3142,CONTACTLESS,CVV_PASS,NONE,SINGLE_PURCHASE,MOBILE_TOKEN,0500-Advice,KIOSK,Thursday,afternoon,very_low,not_night,above_max,medium,medium,medium,gt_20,low,0,0,1,0,0,1,0,1,0,1,0,0,0,0,0,0,0,0,1,1,0.1295932364385273,0,0.66,FN
0.613,1.334,22,25,24,0.089,0,1.334,3.991,0.0769,42.0,130.0,0.32061068702290074,17,2.599722324216582,878.3239227340267,0.0954871010640212,3174.6720430107525,0.0,KRW,MOBILE_APP,SG,4559,QR_CODE,AVS_FAIL,ONLINE_PIN,SINGLE_PURCHASE,MOBILE_TOKEN,0110-AuthRsp,ONLINE_PORTAL,Thursday,afternoon,high,not_night,below_half_max,low,low,very_high,gt_20,low,0,0,0,0,0,0,0,1,1,0,0,0,0,0,0,0,0,0,1,1,0.0071698723316482,0,0.66,FN
0.957,0.722,94,5,23,0.131,0,1.669,2.081,0.4623,39.0,499.0,0.078,17,1.8547342683894434,13104.544600938967,0.561761938036144,41451.80693069306,0.0,GBP,WEB_BROWSER,FR,5819,MANUAL_KEYED,CVV_FAIL,SIGNATURE,MOTO_MAIL,FORCE_POST,0200-FinReq,WEARABLE_PAY,Thursday,afternoon,high,not_night,near_max,medium,medium,very_high,gt_20,very_low,0,0,0,0,0,0,0,1,0,1,0,0,0,0,0,0,0,0,1,1,0.0403765923032508,0,0.66,FN
0.03,1.383,70,13,15,0.242,0,1.564,0.107,0.2129,15.0,22.0,0.6521739130434783,23,1.9892432737616872,3445.387140902873,0.11276698902045959,11291.242152466366,0.97,CNY,IVR_PHONE,SG,3182,QR_CODE,3DS_PASS,NONE,INSTALLMENT_PLAN,CRYPTOGRAM_PRESENT,0210-FinRsp,ONLINE_PORTAL,Thursday,late_evening,very_low,very_high,below_half_max,medium,medium,very_high,11_20,medium,0,0,1,0,1,0,1,1,0,1,0,0,0,0,0,1,0,0,1,1,0.6332880871426082,0,0.66,FN
0.842,2.577,22,20,4,0.216,0,0.492,3.129,0.2154,3.0,196.0,0.015228426395939087,3,2.2353763433005955,7706.022459893048,1.8840722564158423,14408.591999999999,0.15800000000000003,AUD,POS_TERMINAL,PH,7783,CONTACTLESS,BIOMETRIC_FAIL,ONLINE_PIN,MOTO_PHONE,E_COMMERCE,0210-FinRsp,ONLINE_PORTAL,Friday,night,high,low,extreme,medium,medium,medium,2_5,very_low,0,0,0,0,0,0,1,1,1,0,0,0,0,0,0,0,0,0,1,1,0.0290488418610112,0,0.66,FN
0.078,3.954,25,4,5,0.123,0,1.216,1.449,0.1957,8.0,53.0,0.14814814814814814,5,1.8196988379172965,19640.685575364667,0.8020855069247287,53618.52212389381,0.922,SGD,MOBILE_APP,VN,5497,MAGSTRIPE,AVS_FAIL,NONE,INSTALLMENT_PLAN,FALLBACK_MAG,0200-FinReq,POS_TERMINAL,Friday,night,very_low,very_high,above_max,low,medium,very_high,6_10,very_low,0,0,1,0,0,0,1,1,0,1,0,0,0,0,0,1,0,0,1,1,0.0797963717697723,0,0.66,FN
0.728,3.871,57,15,30,0.079,0,1.328,4.287,0.1747,48.0,274.0,0.17454545454545456,7,1.8421356765531218,8899.415213946117,0.2906419472648571,27390.243902439026,0.0,GBP,SMART_WATCH,ID,3259,MANUAL_KEYED,CVV_PASS,NONE,SINGLE_PURCHASE,FALLBACK_MAG,0500-Advice,BRANCH_COUNTER,Friday,morning,high,not_night,below_half_max,low,low,very_high,gt_20,very_low,0,0,0,0,0,0,0,0,0,1,0,0,0,0,0,0,0,0,1,1,0.0330781868022709,0,0.66,FN
0.439,0.003,31,13,4,0.094,0,1.446,3.217,0.7703,73.0,213.0,0.3411214953271028,9,2.2396452932201716,5669.039403620873,0.1940990634950208,22842.871244635193,0.0,USD,WEB_BROWSER,VN,7753,TOKEN_IN_APP,CVV_FAIL,NONE,RECURRING_SUBSCRIPTION,CRYPTOGRAM_PRESENT,0500-Advice,BRANCH_COUNTER,Friday,morning,medium,not_night,below_half_max,high,low,very_high,gt_20,low,1,1,0,1,0,0,0,1,0,0,0,0,1,0,0,0,1,0,1,1,0.4754617679730068,0,0.66,FN
0.13,0.678,82,25,40,0.306,0,0.765,0.966,0.2104,93.0,120.0,0.768595041322314,17,1.9600947840472698,10256.660563380281,1.325735743019395,30467.025104602508,0.0,USD,SMART_WATCH,US,4640,MANUAL_KEYED,3DS_FAIL,ONLINE_PIN,MOTO_PHONE,FALLBACK_MAG,0400-Reversal,BRANCH_COUNTER,Friday,afternoon,low,not_night,much_above_max,medium,high,high,gt_20,medium,0,0,0,0,0,0,0,1,0,1,0,0,0,0,0,0,0,0,1,1,0.0301974993233195,0,0.66,FN
0.537,2.407,99,22,35,0.306,8,1.866,0.116,0.2288,40.0,173.0,0.22988505747126436,19,2.468946630209271,15699.625740897543,0.8659470553229924,75366.5731707317,0.0,USD,MOBILE_APP,US,7726,TOKEN_IN_APP,AVS_FAIL,SIGNATURE,MOTO_PHONE,MOBILE_TOKEN,0210-FinRsp,KIOSK,Friday,evening,medium,not_night,above_max,medium,high,very_high,gt_20,low,0,0,0,0,1,0,0,0,0,0,0,0,0,0,0,0,0,0,1,1,0.0067433794656606,0,0.66,FN
0.306,1.517,113,20,22,0.153,0,1.803,2.56,0.2798,91.0,322.0,0.28173374613003094,19,2.1029138978649784,19004.324786324785,0.8666396351576113,41726.067024128686,0.0,USD,MOBILE_APP,SG,5080,CONTACTLESS,CVV_PASS,ONLINE_PIN,MOTO_PHONE,CARD_PRESENT,0110-AuthRsp,WEARABLE_PAY,Friday,evening,medium,not_night,above_max,medium,medium,very_high,gt_20,low,0,0,0,0,0,0,0,1,0,1,0,0,0,0,0,0,0,0,1,1,0.0406928729206022,0,0.66,FN
0.006,1.572,83,1,25,0.428,0,0.066,2.403,0.2573,77.0,138.0,0.5539568345323741,22,1.9615022438151495,645.9367088607594,0.018770784712844928,1943.4322033898302,0.994,USD,SMART_WATCH,AU,7327,MAGSTRIPE,AVS_PASS,NONE,MOTO_MAIL,E_COMMERCE,0100-AuthReq,MOBILE_APP,Friday,late_evening,very_low,very_high,below_half_max,medium,high,low,gt_20,medium,0,0,1,1,0,1,1,0,0,1,0,0,0,0,1,1,0,0,1,1,0.431199239223581,0,0.66,FN
0.508,2.353,91,10,40,0.061,0,0.617,4.778,0.313,51.0,497.0,0.10240963855421686,23,1.8050046959780757,3186.271381578947,0.13217730431988878,6227.4758842443725,0.492,VND,API_SERVER,DE,3083,CONTACTLESS,BIOMETRIC_FAIL,NONE,MOTO_PHONE,E_COMMERCE,0500-Advice,POS_TERMINAL,Friday,late_evening,medium,medium,below_half_max,medium,low,high,gt_20,very_low,0,0,0,0,0,0,1,1,0,0,0,0,0,0,0,0,0,0,1,1,0.0134307469784238,0,0.66,FN
0.622,0.454,107,12,40,0.251,7,0.292,2.341,0.1649,98.0,500.0,0.19560878243512975,4,1.9315214116032138,20997.01884057971,1.8219959344913599,70326.95631067961,0.378,USD,API_SERVER,CA,7460,MAGSTRIPE,CVV_PASS,SIGNATURE,SINGLE_PURCHASE,CRYPTOGRAM_PRESENT,0500-Advice,MOBILE_APP,Saturday,night,high,medium,extreme,low,medium,low,gt_20,very_low,0,0,0,0,0,0,1,1,1,0,0,0,0,0,0,0,0,0,1,1,0.0084945953996736,0,0.66,FN
0.645,2.668,10,16,24,0.072,0,1.571,3.514,0.0234,50.0,386.0,0.12919896640826872,6,2.2353763433005955,1212.8877005347595,0.1414889567866917,2943.4155844155844,0.0,USD,ATM,FR,3000,TOKEN_IN_APP,AVS_PASS,OFFLINE_PIN,INSTALLMENT_PLAN,MOBILE_TOKEN,0210-FinRsp,MOBILE_APP,Saturday,morning,high,not_night,below_half_max,low,low,very_high,gt_20,very_low,0,0,0,0,0,0,0,1,1,0,0,0,0,0,0,0,0,0,1,1,0.0329435152751036,0,0.66,FN
0.436,3.652,53,14,12,0.179,0,1.286,3.972,0.5753,45.0,209.0,0.21428571428571427,6,2.642622395779755,12823.743772241993,0.5971565787354701,72353.6345381526,0.0,GBP,MOBILE_APP,DE,7352,MAGSTRIPE,CVV_FAIL,SIGNATURE,MOTO_MAIL,FALLBACK_MAG,0100-AuthReq,KIOSK,Saturday,morning,medium,not_night,near_max,high,medium,very_high,gt_20,low,0,0,0,0,0,0,0,1,0,0,0,0,0,0,0,0,0,0,1,1,0.0215692093521018,0,0.66,FN
0.801,1.436,90,14,5,0.26,0,1.686,1.053,0.2516,5.0,441.0,0.011312217194570135,17,2.1424163408412245,9987.887323943663,0.6726602545653002,20957.950738916254,0.0,USD,MOBILE_APP,ZA,7020,CHIP,BIOMETRIC_PASS,SIGNATURE,RECURRING_SUBSCRIPTION,FALLBACK_MAG,0510-AdviceRsp,ONLINE_PORTAL,Saturday,afternoon,high,not_night,near_max,medium,medium,very_high,2_5,very_low,0,0,0,0,0,0,0,0,0,0,0,0,0,0,0,0,0,0,1,1,0.0183657331082981,0,0.66,FN
0.376,3.931,110,4,32,0.171,0,1.272,4.356,0.2149,8.0,175.0,0.045454545454545456,22,1.9782390361706734,6501.3084370677725,0.2510385013500303,22704.458937198062,0.624,USD,API_SERVER,JP,5070,MAGSTRIPE,BIOMETRIC_PASS,NONE,MOTO_PHONE,FORCE_POST,0200-FinReq,WEARABLE_PAY,Saturday,late_evening,medium,high,below_half_max,medium,medium,very_high,6_10,very_low,0,0,0,0,0,0,1,1,0,0,0,0,0,0,0,0,0,0,1,1,0.024777466028927,0,0.66,FN
0.39,3.328,66,5,10,0.141,0,0.794,4.609,0.3286,39.0,191.0,0.203125,0,1.8389610707123492,9995.513513513513,0.5258673007596888,23634.01879699248,0.61,EUR,WEB_BROWSER,CN,4602,MAGSTRIPE,AVS_PASS,OFFLINE_PIN,MOTO_PHONE,CARD_PRESENT,0400-Reversal,BRANCH_COUNTER,Sunday,night,medium,high,near_max,medium,medium,high,gt_20,low,0,0,0,0,0,0,1,1,0,1,0,0,0,0,0,0,0,0,1,1,0.1082291728500434,0,0.66,FN
0.793,2.449,9,20,17,0.136,0,0.353,1.319,0.3114,70.0,96.0,0.7216494845360825,7,2.0228711901914416,5367.958994708994,0.259019612368279,13480.136212624586,0.0,IDR,IVR_PHONE,IN,7546,MANUAL_KEYED,AVS_PASS,OFFLINE_PIN,MOTO_PHONE,MOBILE_TOKEN,0510-AdviceRsp,WEARABLE_PAY,Sunday,morning,high,not_night,below_half_max,medium,medium,medium,gt_20,medium,0,0,0,0,0,0,0,1,0,0,0,0,0,0,0,0,0,0,1,1,0.0571367781868075,0,0.66,FN
0.78,2.928,49,16,1,0.067,0,1.617,3.288,0.0892,24.0,483.0,0.049586776859504134,8,3.0740812399649675,6434.702265372168,0.5770559288681999,34703.73566084788,0.0,USD,WEB_BROWSER,KR,5572,CHIP,3DS_FAIL,OFFLINE_PIN,RECURRING_SUBSCRIPTION,E_COMMERCE,0200-FinReq,ONLINE_PORTAL,Sunday,morning,high,not_night,near_max,low,low,very_high,gt_20,very_low,0,0,0,0,0,0,0,1,0,1,0,0,0,0,0,0,0,0,1,1,0.0572120650415601,0,0.66,FN
0.363,0.204,55,2,2,0.054,0,0.039,3.619,0.1431,76.0,423.0,0.1792452830188679,8,3.3724549127965013,1070.6078902229847,0.14759278777364448,5883.032075471699,0.0,SGD,ATM,HK,4510,CONTACTLESS,BIOMETRIC_FAIL,SIGNATURE,MOTO_MAIL,E_COMMERCE,0210-FinRsp,ONLINE_PORTAL,Sunday,morning,medium,not_night,below_half_max,low,low,low,gt_20,very_low,0,1,0,0,0,1,0,1,0,0,0,0,0,0,0,0,1,0,1,1,0.6567816065482104,0,0.66,FN
0.203,1.572,8,1,5,0.201,4,1.657,0.852,0.2357,5.0,168.0,0.029585798816568046,8,2.0930978681273213,16975.626387176326,1.2565670713785313,63733.898148148146,0.0,VND,MOBILE_APP,GB,7351,MAGSTRIPE,3DS_FAIL,NONE,MOTO_MAIL,E_COMMERCE,0110-AuthRsp,POS_TERMINAL,Sunday,morning,low,not_night,much_above_max,medium,medium,very_high,2_5,very_low,0,0,0,0,0,1,0,0,1,0,0,0,0,0,0,0,0,1,1,1,0.447600542075787,0,0.66,FN
0.161,2.894,5,2,9,0.057,0,0.826,1.976,0.2143,11.0,329.0,0.03333333333333333,21,2.766319109226186,70.66163522012579,0.006047683302987546,527.9142857142856,0.0,USD,WEB_BROWSER,VN,5599,MAGSTRIPE,AVS_PASS,ONLINE_PIN,INSTALLMENT_PLAN,FALLBACK_MAG,0510-AdviceRsp,MOBILE_APP,Sunday,evening,low,not_night,below_half_max,medium,low,high,11_20,very_low,0,0,0,0,0,1,0,1,0,1,0,0,0,0,0,0,0,0,1,1,0.1614681488075332,0,0.66,FN
0.449,1.674,101,11,17,0.162,0,0.125,4.462,0.5366,68.0,440.0,0.15419501133786848,21,1.8531680973566984,3494.205329153605,0.09341997912517079,4682.279411764705,0.0,IDR,MOBILE_APP,MY,5811,QR_CODE,CVV_FAIL,ONLINE_PIN,SINGLE_PURCHASE,MOBILE_TOKEN,0110-AuthRsp,BRANCH_COUNTER,Sunday,evening,medium,not_night,below_half_max,high,medium,low,gt_20,very_low,0,0,0,1,0,0,0,1,0,0,0,0,0,0,0,0,0,0,1,1,0.0267248933800222,0,0.66,FN
0.931,2.899,71,13,12,0.151,0,1.348,2.997,0.4048,35.0,36.0,0.9459459459459459,22,1.7984040119467235,20966.455298013243,0.5711916418113397,47250.87686567165,0.06899999999999995,KRW,SMART_WATCH,CA,3282,QR_CODE,CVV_FAIL,NONE,INSTALLMENT_PLAN,FALLBACK_MAG,0110-AuthRsp,CALL_CENTER,Sunday,late_evening,high,low,near_max,medium,medium,very_high,gt_20,high,0,0,0,0,0,0,1,0,0,0,0,0,0,0,0,0,0,0,1,1,0.0339854324409302,0,0.66,FN
0.432,3.052,71,25,19,0.119,0,1.646,3.003,0.4146,51.0,124.0,0.408,23,2.2607208888953467,17682.060479666317,2.7708845566973146,52496.089783281735,0.5680000000000001,CNY,POS_TERMINAL,ZA,7236,MAGSTRIPE,CVV_FAIL,ONLINE_PIN,MOTO_MAIL,E_COMMERCE,0100-AuthReq,ONLINE_PORTAL,Sunday,late_evening,medium,medium,extreme,medium,medium,very_high,gt_20,low,0,0,0,0,0,0,1,1,0,1,0,0,0,0,0,0,0,0,1,1,0.079503660357471,0,0.66,FN
0.044,1.16,26,14,18,0.191,0,0.516,4.108,0.386,38.0,64.0,0.5846153846153846,18,1.8547342683894434,7856.715179968702,0.3948038818059859,23457.485981308415,0.0,IDR,API_SERVER,AU,4734,CONTACTLESS,CVV_FAIL,NONE,SINGLE_PURCHASE,MOBILE_TOKEN,0210-FinRsp,MOBILE_APP,Monday,evening,very_low,not_night,below_half_max,medium,medium,medium,gt_20,medium,0,0,1,0,0,0,0,1,0,1,0,0,0,0,0,0,0,0,1,1,0.1286036530279466,0,0.66,FN
0.442,3.223,47,20,29,0.179,0,0.382,2.757,0.3787,9.0,54.0,0.16363636363636364,18,1.864080130807681,5544.248062015504,0.35492233614101026,11684.624183006537,0.0,USD,SMART_WATCH,AU,3145,MAGSTRIPE,CVV_FAIL,NONE,MOTO_MAIL,FORCE_POST,0100-AuthReq,WEARABLE_PAY,Monday,evening,medium,not_night,below_half_max,medium,medium,medium,6_10,very_low,0,0,0,0,0,0,0,0,1,0,0,0,0,0,0,0,0,0,1,1,0.0326229995993961,0,0.66,FN
0.381,1.701,31,19,38,0.155,0,0.07,3.389,0.3788,45.0,414.0,0.10843373493975904,21,1.9021075263969205,29758.961194029853,0.7880150314176539,77579.50972762644,0.0,JPY,SMART_WATCH,ID,4466,MANUAL_KEYED,CVV_PASS,OFFLINE_PIN,RECURRING_SUBSCRIPTION,FORCE_POST,0100-AuthReq,CALL_CENTER,Monday,evening,medium,not_night,above_max,medium,medium,low,gt_20,very_low,0,0,0,0,0,0,0,0,1,1,0,0,0,0,0,0,0,0,1,1,0.0127854277561245,0,0.66,FN
0.739,1.275,58,9,38,0.078,0,1.335,2.952,0.1856,14.0,318.0,0.0438871473354232,22,1.890095369948917,10006.274924471298,0.2351192850566451,28549.965517241377,0.261,USD,SMART_WATCH,TH,7306,TOKEN_IN_APP,3DS_PASS,SIGNATURE,INSTALLMENT_PLAN,CRYPTOGRAM_PRESENT,0110-AuthRsp,WEARABLE_PAY,Monday,late_evening,high,low,below_half_max,low,low,very_high,11_20,very_low,0,0,0,1,0,0,1,1,0,0,0,0,0,0,0,0,0,0,1,1,0.0802121771643128,0,0.66,FN
0.357,0.144,17,19,30,0.269,0,0.831,4.72,0.1736,25.0,49.0,0.5,0,1.969905654611529,25477.436541143656,2.153904917866585,75171.62551440329,0.643,USD,WEB_BROWSER,AU,7367,QR_CODE,AVS_PASS,ONLINE_PIN,INSTALLMENT_PLAN,MOBILE_TOKEN,0500-Advice,MOBILE_APP,Tuesday,night,medium,high,extreme,low,medium,high,gt_20,low,1,1,0,0,0,0,1,0,0,1,0,0,0,0,0,0,0,0,1,1,0.0046003940076175,0,0.66,FN
0.182,0.102,33,15,4,0.046,0,0.173,3.678,0.579,52.0,53.0,0.9629629629629629,8,2.3115448343655176,6374.198216055501,0.34557038141275875,30916.620192307695,0.0,CNY,API_SERVER,HK,3211,QR_CODE,BIOMETRIC_FAIL,SIGNATURE,MOTO_PHONE,CARD_PRESENT,0500-Advice,WEARABLE_PAY,Tuesday,morning,low,not_night,below_half_max,high,low,low,gt_20,high,1,1,0,0,0,0,0,1,0,0,0,0,0,0,0,0,1,0,1,1,0.6492565012792665,0,0.66,FN
0.372,1.204,10,14,9,0.133,0,0.668,2.539,0.4986,55.0,72.0,0.7534246575342466,19,3.0878555624297968,5615.172822617419,0.4176565850515792,53298.61904761905,0.0,USD,ATM,CA,5147,MANUAL_KEYED,AVS_FAIL,OFFLINE_PIN,RECURRING_SUBSCRIPTION,CARD_PRESENT,0110-AuthRsp,WEARABLE_PAY,Tuesday,evening,medium,not_night,near_max,medium,medium,high,gt_20,medium,0,0,0,1,0,0,0,1,1,0,0,0,0,0,0,0,0,0,1,1,0.4228719901797308,0,0.66,FN
0.79,1.731,45,12,13,0.115,0,1.12,2.038,0.3736,14.0,146.0,0.09523809523809523,21,1.9315214116032138,23350.855072463764,1.0301912282865602,75997.64150943396,0.0,USD,POS_TERMINAL,TH,5824,TOKEN_IN_APP,AVS_PASS,SIGNATURE,RECURRING_SUBSCRIPTION,MOBILE_TOKEN,0100-AuthReq,KIOSK,Tuesday,evening,high,not_night,above_max,medium,medium,very_high,11_20,very_low,0,0,0,0,0,0,0,0,1,1,0,0,0,0,0,0,0,0,1,1,0.048171439112924,0,0.66,FN
0.125,3.99,25,3,4,0.246,0,1.858,4.314,0.5356,11.0,12.0,0.8461538461538461,8,2.1077860146889784,3897.9781287970836,0.18552368019881632,12627.216535433072,0.0,USD,POS_TERMINAL,DE,5795,CHIP,3DS_FAIL,OFFLINE_PIN,MOTO_MAIL,FALLBACK_MAG,0200-FinReq,MOBILE_APP,Wednesday,morning,low,not_night,below_half_max,high,medium,very_high,11_20,high,0,0,0,0,0,1,0,1,0,0,0,0,0,0,0,0,0,0,1,1,0.0106494608913602,0,0.66,FN
0.072,2.029,55,9,30,0.253,0,0.965,0.627,0.1273,50.0,433.0,0.1152073732718894,16,2.075684492802124,7132.143036386449,0.21774166079821142,28418.105,0.0,SGD,ATM,SG,3121,CHIP,BIOMETRIC_FAIL,ONLINE_PIN,MOTO_MAIL,FALLBACK_MAG,0420-RepeatRev,ONLINE_PORTAL,Wednesday,afternoon,very_low,not_night,below_half_max,low,medium,very_high,gt_20,very_low,0,0,1,1,0,0,0,1,0,0,0,0,0,0,1,0,0,0,1,1,0.5449602947405006,0,0.66,FN
